Subject,Catalog Number,Title,Topic,Campus
ACTSC,221,Intro Fin Math (Non-Spec),,UW
ACTSC,231,Intro Financial Mathematics,,UW
ACTSC,232,Life Contingencies 1,,UW
ACTSC,331,Life Contingencies 2,,UW
ACTSC,362,Intro Prop & Casualty Practice,,UW
ACTSC,363,Casualty & Hlth Ins Math 1,,UW
ACTSC,372,Investment Sci & Corporate Fin,,UW
ACTSC,431,Casualty & Hlth Insur Math 2,,UW
ACTSC,446,Math of Financial Markets,,UW
ACTSC,453,Basic Pension Mathematics,,UW
ACTSC,454,Longevity & Mortality Using PA,,UW
ACTSC,455,Life Contingencies 3,,BLND
ACTSC,489,Advanced Topics,Predictive Modelling in P&C,UW
AE,200,Enclosure Design Studio,,UW
AE,204,Solid Mechanics 1,,UW
AE,221,Advanced Calculus,,UW
AE,224,Probability & Statistics,,UW
AE,280,Fluid Mechanics & Thermal Sci,,UW
AE,298,Seminar,,UW
AE,301,Building Enclosure Systems,,UW
AE,310,Intro Structural Design,,UW
AE,315,Building Structural Systems,,UW
AE,325,Architectural Eng Studio 2,,UW
AE,392,Econ & Life Cycle Cost Anal,,UW
AE,399,Seminar,,UW
AE,425,Project Studio 2,,UW
AE,495,Topics: Design Intensive,Air Quality Enginrng & Impacts,UW
AE,499,Seminar,,UW
AE,573,"HVAC System, Equip, Efficiency",,UW
AFM,101,Intro Financial Accounting,,ONLN
AFM,102,Intro Managerial Accounting,,ONLN
AFM,111,Prof Pathways & Prob-Solving,,BLND
AFM,112,Analytic Methods for Bus 1,,BLND
AFM,113,Analytic Methods for Bus 2,,UW
AFM,121,Intro Global Financial Markets,,BLND
AFM,123,Accounting Info for Managers,,UW
AFM,127,Intro Global Capital Markets,,BLND
AFM,131,Intro North American Bus,,ONLN
AFM,182,Foundations: Mgmt Accounting,,UW
AFM,191,Foundations: Finance Reporting,,BLND
AFM,231,Business Law,,UW
AFM,321,Pers Financial Planning & Tax,,UW
AFM,322,Derivative Securities,,UW
AFM,323,Quantitative Foundations,,UW
AFM,326,Student Venture Fund: Analyst,,UW
AFM,328,Investm Mgmt: Jr Analyst,,UW
AFM,329,Investm Mgmt: Sr Analyst,,UW
AFM,333,International Business,,BLND
AFM,334,International Study Experience,,OFF
AFM,341,Accounting Information Systems,,UW
AFM,345,Social Media Analytics in Bus,,UW
AFM,346,Predictive Analytics Applic,,UW
AFM,347,Cybersecurity,,UW
AFM,373,Corporate Fin: Cases & Applic,,UW
AFM,382,Cost Management Systems,,UW
AFM,423,Topics in Fin Econometrics,,UW
AFM,424,Equity Investments,,UW
AFM,425,Fixed Income Securities,,UW
AFM,426,Student Venture Fund: Assoc,,UW
AFM,428,Investm Mgmt: Jr Portfolio Mgr,,UW
AFM,429,Investm Mgmt: Sr Portfolio Mgr,,UW
AFM,433,Business Strategy,,UW
AFM,451,Audit Strategy,,UW
AFM,476,Corporate Fin Decision Making,,UW
AFM,477,Mergers & Acquisitions,,UW
AFM,480,Intro Org Behaviour,,BLND
AFM,491,Advanced Financial Accounting,,UW
AMATH,231,Calculus 4,,UW
AMATH,242,Intro Computational Math,,UW
AMATH,250,Intro Differential Equations,,UW
AMATH,250,Intro Differential Equations,,ONLN
AMATH,251,Intro Diff Equations (Adv),,UW
AMATH,331,Applied Real Analysis,,UW
AMATH,332,Applied Complex Analysis,,UW
AMATH,342,Comp Methods: Diff Eq,,UW
AMATH,350,Diff Eq (Bus & Econ),,UW
AMATH,353,Partial Diff Equations 1,,UW
AMATH,361,Continuum Mechanics,,UW
AMATH,373,Quantum Theory 1,,UW
AMATH,383,Intro Mathematical Biology,,UW
AMATH,451,Intro to Dynamical Systems,,UW
AMATH,455,Control Theory,,UW
AMATH,474,Quantum Theory 3,,UW
AMATH,475,Intro General Relativity,,UW
AMATH,495,Reading Course,The Mathematics of Climt Chng,UW
AMATH,495,Reading Course,Mathematics of Deep Learning,UW
ANTH,100,Intro Anthropology,,UW
ANTH,100,Intro Anthropology,,ONLN
ANTH,201,Intro Archaeology,,ONLN
ANTH,202,Social & Cultural Anthropology,,UW
ANTH,204,Biological Anthropology,,UW
ANTH,290,Visual Anthropology,,BLND
ANTH,305,Paleopathology,,UW
ANTH,312,Muslim Lives & Practices,,UW
ANTH,320,Hunter-Gatherer Archaeology,,ONLN
ANTH,389,Special Topics,Visual Anthropology,UW
ANTH,489,Special Topics,Muslim Lives & Practices,UW
ANTH,489,Special Topics,Hunter-Gatherer Archaeology,ONLN
ANTH,499A,Honours Essay,,UW
ANTH,499B,Honours Essay,,UW
ANTH,499B,Honours Essay,,UW
APPLS,304R,Language Teaching Methods,,BLNDR
APPLS,306R,Language Assessment & Testing,,BLNDR
ARABIC,101R,Intro Arabic 1,,ONLNR
ARABIC,102R,Intro Arabic 2,,ONLNR
ARBUS,102,Accounting Info for Managers,,UW
ARBUS,200,Entrepreneurship,,UW
ARBUS,202,Professional & Business Ethics,,UW
ARBUS,202,Professional & Business Ethics,,STJ
ARBUS,300,Practical Business Skills,,UW
ARBUS,301,International Business,,BLND
ARBUS,302,Principles of Marketing,,UW
ARBUS,302,Principles of Marketing,,ONLN
ARBUS,303,Marketing Strategy,,UW
ARBUS,400,Strategy & Program Integration,,UW
ARCH,113,Visual & Digital Media 2,,UW
ARCH,126,Environmental Building Design,,UW
ARCH,143,Sanctuaries & Cities,,UW
ARCH,173,Building Construction 2,,UW
ARCH,193,Design Studio,,UW
ARCH,327,Architecture: Urban Env,,UW
ARCH,342,Modernisms: Local and Global,,UW
ARCH,362,Steel & Concrete,,UW
ARCH,364,Building Science,,UW
ARCH,392,Design Studio,,UW
ARTS,280,Statistics for Arts Students,,UW
ARTS,450,Global Engagement Seminar,,UW
ARTS,490,Topics: Fourth-Year Arts,Future Cities,UW
ASL,101R,American Sign Language 1,,REN
AVIA,101,Prof Pilot Program Course 1,,UW
AVIA,203,Prof Pilot Program Course 3,,UW
AVIA,204,Prof Pilot Program Course 4,,UW
AVIA,306,Prof Pilot Program Course 6,,UW
AVIA,307,Prof Pilot Program Course 7,,UW
AVIA,310,Human Factors in Aviation,,UW
AVIA,374,Special Topics,Prctcl Aviation Prsnl Finance,BLND
AVIA,408,Prof Pilot Program Course 8,,OFF
AVIA,416,Aviation Sustainability,,UW
AVIA,417,Aviation Safety,,UW
BET,100,Entrepreneurial Pract Found,,ONLN
BET,210,Business Tech & Infrastructure,,ONLN
BET,300,Venture Creation Foundations,,UW
BET,320,Entrepreneurial Strategy,,UW
BET,320,Entrepreneurial Strategy,,ONLN
BET,340,Entrepreneurial Plan & Execute,,UW
BET,350,Customer Experience Design,,ONLN
BET,400,Early Venture Marketing,,UW
BET,405,Digital Transformation,,ONLN
BET,430,Sales Fundamentals,,UW
BET,450,Leadership,,UW
BET,460,Business Negotiations,,UW
BET,580,Consulting,,UW
BIOL,130,Intro Cell Biology,,UW
BIOL,130L,Cell Biology Lab,,UW
BIOL,211,Intro Vertebrate Zoology,,UW
BIOL,220,Intro Plant Struct & Function,,UW
BIOL,239,Genetics,,UW
BIOL,240,Fundamentals of Microbiology,,ONLN
BIOL,241,Intro Applied Microbiology,,UW
BIOL,273,Human Physiol Principles 1,,UW
BIOL,280,Intro Biophysics,,UW
BIOL,302,Functional Histology,,UW
BIOL,331,Advanced Cell Biology,,UW
BIOL,335L,Molecular Biology Techniques,,UW
BIOL,341,Fundamentals of Immunology,,UW
BIOL,348L,Microbiology Methods Lab,,UW
BIOL,351,Aquatic Ecology,,UW
BIOL,355,Biology of Human Aging,,UW
BIOL,359,Evolution 1: Mechanisms,,UW
BIOL,361,Biostats & Experimental Design,,BLND
BIOL,365,Methods in Bioinformatics,,UW
BIOL,371,Animal Physiol: Evol Themes,,UW
BIOL,373,Human Physiol Principles 2,,UW
BIOL,373L,Human Physiology Lab,,UW
BIOL,383,Tropical Ecosystems,,UW
BIOL,414,Parasitology,,UW
BIOL,431,Bacterial Molecular Genetics,,UW
BIOL,432,Molecular Biotechnology 2,,UW
BIOL,441,Advances in Immunology,,UW
BIOL,442,Virology,,UW
BIOL,449,Public Health Microbiology,,UW
BIOL,450,Marine Biology,,UW
BIOL,465,Structural Bioinformatics,,UW
BIOL,475,Current Topics in Microbiology,,UW
BIOL,477L,Animal Physiol Techniques,,UW
BIOL,483,Animal Cell Biotechnology,,UW
BIOL,484,Advanced Eukaryotic Genetics,,UW
BIOL,485,Conservation Biology,,UW
BIOL,487,Computational Neuroscience,,UW
BLKST,102,Intro Black Arts/Culture/Lit,,UW
BLKST,240,Black Diasporic 1740-1900,,UW
BLKST,499,Black Entr Enterprises,,UW
BME,102,Seminar,,UW
BME,122,Data Structures & Algorithms,,UW
BME,162,Design of Biomed & Hlth Sys,,UW
BME,186,Chemistry Principles,,UW
BME,301,Seminar,,UW
BME,355,Physiological Sys Modelling,,UW
BME,361,Biomedical Engineering Design,,UW
BME,381,Biomedical Engineering Ethics,,UW
BME,393,Digital Systems,,UW
BME,393L,Digital Systems Lab,,UW
BME,399,Directed Research Project,,UW
BME,402,Seminar,,UW
BME,462,Design Workshop 3,,UW
BME,499,Elective Research Project,,UW
BME,544,Measure & Signal Processing,,UW
BME,552,Computational Biomechanics,,UW
BME,561,Biomaterials & Tissue Eng,,UW
BME,581,Ultrasound Medicine & Biology,,UW
BME,582,Biomedical Optics,,UW
BUS,111W,Understanding Bus. Env. (WLU),,WLU
BUS,121W,Crit. Thinking & Comm (WLU),,WLU
BUS,127W,Intro to Financial Acc (WLU),,WLU
BUS,127W,Intro to Financial Acc (WLU),,ONLNL
BUS,223W,Fundamentals of Finance(WLU),,WLU
BUS,231W,Business Law (WLU),,WLU
BUS,231W,Business Law (WLU),,ONLNL
BUS,247W,Managerial Accounting (WLU),,WLU
BUS,247W,Managerial Accounting (WLU),,ONLNL
BUS,252W,Intro to Marketing Mgmt (WLU),,WLU
BUS,275W,Business Decision Models (WLU),,WLU
BUS,283W,Financial Management 1 (WLU),,WLU
BUS,288W,Organizat'nal Behaviour 1(WLU),,WLU
BUS,301W,Entrepreneurial Method (WLU),,WLU
BUS,321W,Social Entrepreneurship (WLU),,WLU
BUS,331W,Business Model Creation (WLU),,WLU
BUS,352W,Intro to Marketing Mgmt (WLU),,WLU
BUS,353W,Intro Risk Mang't & Ins. (WLU),,WLU
BUS,354W,Human Resources Managemen(WLU),,WLU
BUS,354W,Human Resources Managemen(WLU),,ONLNL
BUS,357W,Taxation I (WLU),,WLU
BUS,362W,Applied Marketing (WLU),,WLU
BUS,375W,Operations Management (WLU),,WLU
BUS,387W,Intermediate Accounting 1(WLU),,WLU
BUS,393W,Financial Management 2 (WLU),,WLU
BUS,397W,Intermediate Account 2 (WLU),,WLU
BUS,398W,Organizat'nal Behaviour 2(WLU),,WLU
BUS,400W,Adv Equity Analysis 1 (WLU),,WLU
BUS,401W,Competition Case Analysis(WLU),,WLU
BUS,403W,Entrepreneurial Finance(WLU),,WLU
BUS,405W,Procurem't & Supply Mgt (WLU),,WLU
BUS,411W,Bus Strat For Sustainblty(WLU),,WLU
BUS,413W,Pers. Fin. Plan. & Manage(WLU),,WLU
BUS,414W,Occupat'l Health & Safety(WLU),,WLU
BUS,415W,Intro Mgmt Info Systems (WLU),,WLU
BUS,416W,Intnl Finance &Accounting(WLU),,WLU
BUS,418W,Strategic Human Res Plan (WLU),,WLU
BUS,419W,Property & Liabil Insur (WLU),,WLU
BUS,421W,Manage Family Enterprise(WLU),,WLU
BUS,422W,Marketing Research (WLU),,WLU
BUS,423W,"Options, Futures & Swaps(WLU)",,WLU
BUS,425W,Business Analytics (WLU),,WLU
BUS,429W,Capital Market Issues in (WLU),,WLU
BUS,432W,Consumer Behaviour (WLU),,WLU
BUS,433W,Mgmt of Financial Inst (WLU),,WLU
BUS,435W,Supply Chain Management(WLU),,WLU
BUS,443W,International Fin'l Mgt (WLU),,WLU
BUS,445W,Info Systems for Supply (WLU),,WLU
BUS,448W,Stategic Comp in Canada(WLU),,WLU
BUS,449W,Fixed Income Analysis (WLU),,WLU
BUS,451W,Law & Entrepreneurship (WLU),,WLU
BUS,452W,Marketing Strategy (WLU),,WLU
BUS,453W,Working Capital Management(WLU,,WLU
BUS,455W,Transport & Facilities (WLU),,WLU
BUS,459W,Marketing & Soc. Networks(WLU),,WLU
BUS,460W,Laurier Start-Up Fund (WLU),,WLU
BUS,461BW,Comp. Case Analysis (WLU),,WLU
BUS,462W,Business-to-Bus Marketing(WLU),,WLU
BUS,463W,Adv Corporate Finance (WLU),,WLU
BUS,464W,Labour Relations (WLU),,WLU
BUS,466W,Advanced Taxation II (WLU),,WLU
BUS,467W,Advanced Management Acct (WLU),,WLU
BUS,469W,Global Marketing Mgmt (WLU),,WLU
BUS,470W,Brand Management (WLU),,WLU
BUS,472W,Marketing Communications(WLU),,WLU
BUS,473W,Investment Management (WLU),,WLU
BUS,477W,Auditing (WLU),,WLU
BUS,479W,High-Tech Marketing (WLU),,WLU
BUS,480MW,LLM on Finance Data (WLU),,WLU
BUS,480W,Independent Research (WLU),,WLU
BUS,480ZW,Case Competition (WLU),,WLU
BUS,481W,Strategic Management I (WLU),,WLU
BUS,486W,Data Analytics and Acc Inf Sys,,WLU
BUS,487W,Advanced Accounting (WLU),,WLU
BUS,488W,Leadership (WLU),,WLU
BUS,489W,Int'l Organizt'l Behavior(WLU),,WLU
BUS,490W,Major Project (WLU),,WLU
BUS,491W,Strategic Management II (WLU),,WLU
BUS,493VW,Investment Strategies (WLU),,WLU
BUS,493XW,CFA Level 1 Review,,WLU
CC,325W,Crimes Against Humanity (WLU),,ONLNL
CDNST,201,Indigenous Experience Canada,,UTD
CDNST,211,Canada: Conflict & Unity,,UTD
CFM,301,Financial Data Analytics,,BLND
CHE,101,Chemical Eng Concepts 2,,UW
CHE,102,Chemistry for Engineers,,ONLN
CHE,161,Engineering Biology,,UW
CHE,181,Design Studio 2,,UW
CHE,200,Equilibrium Stage Operations,,UW
CHE,201,Seminar,,UW
CHE,220,Process Data Analysis,,UW
CHE,230,Physical Chemistry 1,,UW
CHE,290,Chemical Engineering Lab 1,,UW
CHE,298,Directed Research Project,,UW
CHE,301,Seminar,,UW
CHE,302,Seminar,,UW
CHE,312,Math of Heat & Mass Transfer,,UW
CHE,313,Applic of Heat & Mass Transfer,,UW
CHE,314,Chemical Reaction Engineering,,UW
CHE,322,Num Meth: Process Analysis,,UW
CHE,330,Chemical Eng Thermodynamics,,UW
CHE,331,Electrochemical Engineering,,UW
CHE,341,Intro Process Control,,UW
CHE,361,Bioprocess Engineering,,UW
CHE,383,Design Workshop,,UW
CHE,390,Chemical Engineering Lab 3,,UW
CHE,398,Directed Research Project,,UW
CHE,399,Directed Research Project,,UW
CHE,402,Seminar,,UW
CHE,450,Technical Work-Term Report,,UW
CHE,483,Group Dsgn Prj & Symposium,,UW
CHE,491,Chemical Engineering Lab 5,,UW
CHE,499,Elective Research Project,,UW
CHE,516,Energy Systems Engineering,,UW
CHE,520,Process Flowsheet Analysis,,UW
CHE,522,Adv Process Dynamics & Control,,UW
CHE,524,Process Control Lab,,UW
CHE,543,Polymer Production,,UW
CHE,561,Biomaterials & Tissue Eng,,UW
CHE,562,Adv Bioprocess Eng,,UW
CHE,564,Food Process Engineering,,UW
CHE,572,Air Pollution Control,,UW
CHE,574,Industrial Wastewater,,UW
CHEM,120,General Chemistry 1,,UW
CHEM,123,General Chemistry 2,,UW
CHEM,123L,General Chemistry Lab 2,,UW
CHEM,125,Chem Reac/Equilibria/Kinetics,,UW
CHEM,125L,Chemical Reaction Lab 2,,UW
CHEM,140,Intro Scientific Calculations,,ONLN
CHEM,212,Structure & Bonding,,UW
CHEM,221,Multi-Component Analysis,,UW
CHEM,224L,Analytical Instrumentation Lab,,UW
CHEM,233,Biochemistry Fundamentals,,UW
CHEM,233L,Fundamentals of Biochem Lab,,UW
CHEM,237,Intro Biochemistry,,UW
CHEM,237L,Intro Biochemistry Lab,,UW
CHEM,254,Intro Chemical Thermodynamics,,UW
CHEM,262,Organic Chemistry (Eng),,UW
CHEM,262L,Organic Chemistry Lab (Eng),,UW
CHEM,265,Organic Chemistry 2,,UW
CHEM,265L,Organic Chemistry Lab 1,,UW
CHEM,267,Basic Organic Chemistry 2,,UW
CHEM,267L,Organic Chemistry Lab,,UW
CHEM,313,Main Group & Solid State Chem,,UW
CHEM,313L,Inorganic Chemistry Lab 1,,UW
CHEM,335L,Advanced Biochemistry Lab,,UW
CHEM,340,Intro Computational Chemistry,,ONLN
CHEM,350,Chem Kinetics & Stat Mechanics,,UW
CHEM,357,Physical Biochemistry,,UW
CHEM,360,Organic Chemistry 3,,UW
CHEM,360L,Senior Organic Chemistry Lab,,UW
CHEM,363,Organic Process Chemistry,,UW
CHEM,381,Bioorganic Chemistry,,UW
CHEM,392A,Research Project 1,,UW
CHEM,392B,Research Project 2,,UW
CHEM,400,Special Topics,Molclr Sens/Img/Spect/Nanodiag,UW
CHEM,400,Special Topics,Polymerztn bynd Radcl/Cndnstn,UW
CHEM,400,Special Topics,Green Chemistry for Chem Synth,UW
CHEM,400,Special Topics,Atomic and Molecular Clusters,UW
CHEM,400,Special Topics,Quantum Mechanics in Chem,UW
CHEM,430,Topics: Biochemistry,Antibiotics and Resistance,UW
CHEM,433,Advanced Biochemistry,,UW
CHEM,494A,Research Project,,UW
CHEM,494B,Research Project,,UW
CHEM,496,Advanced Research Project,,UW
CHINA,101R,First-Year Chinese 1,,REN
CHINA,102R,First-Year Chinese 2,,REN
CHINA,120R,Advanced First-Year Chinese,,REN
CHINA,201R,Second-Year Chinese 1,,REN
CHINA,202R,Second-Year Chinese 2,,REN
CHINA,302R,Third-Year Chinese 2,,REN
CHINA,401R,Intro Classical Chinese 1,,REN
CI,100,Cultural Identities Today,,ONLN
CI,200,Transcultural Studies,,UW
CIVE,105,Mechanics 2,,UW
CIVE,121,Computational Methods,,UW
CIVE,123,Elec Circuits & Instrument,,UW
CIVE,153,Earth Engineering,,UW
CIVE,199,Seminar,,UW
CIVE,303,Structural Analysis,,UW
CIVE,332,Civil Systems & Project Mgmt,,UW
CIVE,341,Transportation Eng Applic,,UW
CIVE,353,Geotechnical Engineering 1,,UW
CIVE,382,Hydrol & Open Channel Flow,,UW
CIVE,398,Seminar,,UW
CIVE,401,Design Project 2,,UW
CIVE,415,Structural System Design,,UW
CIVE,422,Finite Element Analysis,,UW
CIVE,440,Transit Planning & Operations,,UW
CIVE,460,Engineering Biomechanics,,UW
CIVE,495,Topics: Design Intensive,Air Quality Enginrng & Impacts,UW
CIVE,497,Special Topics,Smart Structure Technology,UW
CIVE,497,Special Topics,Fire and Structures,UW
CIVE,499,Seminar,,UW
CIVE,507,Building Science & Technology,,UW
CIVE,507,Building Science & Technology,,UW
CIVE,512,Rehabilitation of Structures,,UW
CIVE,542,Pavement Structural Design,,UW
CIVE,554,Geotechnical Engineering 3,,UW
CIVE,583,Design of Urban Water Systems,,UW
CLAS,103,Colossos: Figures of Antiquity,,UW
CLAS,104,Classical Mythology,,ONLN
CLAS,202,"Love, Life & Death in Rome",,ONLN
CLAS,205,Medieval Society,,UW
CLAS,221,Intro Archaeology,,ONLN
CLAS,232,Studies in Ancient Roman Lit,,UW
CLAS,242,Roman Art & Architecture,,UW
CLAS,252,Roman History,,UW
CLAS,260,Ancient Science,,UW
CLAS,261,Great Works: Ancient & Medvl,,STJ
CLAS,486,Senior Seminar,Historcl & Contempry Problems,UW
CMW,201,Worship Practicum 1,,CGC
CMW,202,Worship Practicum 2,,CGC
CMW,364,Worship & its Music,,CGC
CO,227,Intro Optimization (Non-Spec),,UW
CO,250,Intro Optimization,,UW
CO,250,Intro Optimization,,ONLN
CO,255,Intro Optimization (Adv),,UW
CO,327,Deter OR Models (Non-Spec),,UW
CO,331,Coding Theory,,ONLN
CO,353,Computational Discrete Opt,,UW
CO,370,Deterministic OR Models,,UW
CO,372,Portfolio Optimization Models,,UW
CO,430,Algebraic Enumeration,,UW
CO,444,Algebraic Graph Theory,,UW
CO,452,Integer Programming,,UW
CO,463,Convex Optimization & Analysis,,UW
CO,481,Intro Quantum Info Processing,,UW
CO,487,Applied Cryptography,,UW
COMM,101,Intro Financial Markets,,ONLN
COMM,321,Intmd Acct for Finance,,UW
COMM,400,"Entr, Tech & Emerge Info Econ",,UW
COMM,421,Financial Statement Analysis,,UW
COMM,432,Electronic Business,,UW
COMM,433,Income Tax (Finance Students),,UW
COMMST,100,Interpersonal Communication,,UW
COMMST,101,Theories of Communication,,UW
COMMST,102,Intro Performance,,UW
COMMST,111,Leadership & Communication,,UW
COMMST,112,Intro Black Arts/Culture/Lit,,UW
COMMST,149,Intro Critical Design Practice,,BLND
COMMST,149,Intro Critical Design Practice,,BLND
COMMST,191,Eng Comm (AE/CIVE/ENVE/GEOE),,UW
COMMST,192,Eng Comm (COMPE/ELE/MGTE),,UW
COMMST,193,Communication in the Sciences,Communication in the Life Sci,UW
COMMST,193,Communication in the Sciences,Communication in the Phys Sci,UW
COMMST,201,Intro Gender & Sexuality Comm,,UW
COMMST,204,"Leadership, Teams & Comm",,UW
COMMST,223,Public Speaking,,UW
COMMST,225,Interviewing,,UW
COMMST,227,Leadership,,UW
COMMST,228,Public Communication,,UW
COMMST,300,Topics: Digital Design,Trends&Future Digtl Media Art,UW
COMMST,302,"Topics: Race, Culture & Comm",Un/Making Race,BLND
COMMST,399,Communication Inquiry,,UW
COMMST,420,Persuasion,,UW
COMMST,491,Selected Seminars,Death in Popular Culture,UW
COMMST,491,Selected Seminars,Cross-Cultural Care Conditions,STJ
CS,100,Intro Computing Through Applic,,UW
CS,105,Intro Computer Programming 1,,ONLN
CS,106,Intro Computer Programming 2,,ONLN
CS,114,Computing Principles (Sci),,UW
CS,115,Intro Computer Science 1,,ONLN
CS,116,Intro Computer Science 2,,UW
CS,135,Designing Functional Programs,,UW
CS,136,Elem Algo Dsgn & Data Abstrac,,UW
CS,136L,Tools & Tech for Software Dev,,UW
CS,138,Intro Data Abstract & Implem,,UW
CS,146,Algo Dsgn & Data Abstrac (Adv),,UW
CS,200,Concept for Adv Computer Usage,,UW
CS,230,Intro Computers & Comp Sys,,UW
CS,240,Data Structures & Data Mgmt,,UW
CS,240E,Data Structure & Mgmt (Enrich),,UW
CS,241,Found of Sequential Programs,,UW
CS,245,Logic & Computation,,UW
CS,246,Obj-Oriented Soft Dev,,UW
CS,251,Computer Organization & Design,,UW
CS,330,Management Information Systems,,UW
CS,330,Management Information Systems,,ONLN
CS,335,Comp Meth in Bus & Fin,,UW
CS,338,Comp Applic in Bus Databases,,UW
CS,341,Algorithms,,UW
CS,343,Concurrent & Parallel Program,,UW
CS,346,Application Development,,UW
CS,348,Intro Database Management,,UW
CS,349,User Interfaces,,UW
CS,350,Operating Systems,,UW
CS,365,Models of Computation,,UW
CS,370,Numerical Computation,,UW
CS,371,Intro Computational Math,,UW
CS,431,Data-Intense Distrib Analytics,,UW
CS,436,Networks & Distrib Comp Sys,,UW
CS,442,Princ of Programming Languages,,UW
CS,444,Compiler Construction,,UW
CS,445,Software Req Specif & Analysis,,UW
CS,446,Software Design & Archit,,UW
CS,447,"Software Test, QA & Maint",,UW
CS,450,Computer Architecture,,UW
CS,451,Data-Intense Distrib Computing,,UW
CS,452,Real-Time Programming,,UW
CS,453,Software & Systems Security,,UW
CS,454,Distributed Systems,,UW
CS,456,Computer Networks,,UW
CS,459,"Privacy, Crypto & Security",,UW
CS,467,Intro Quantum Info Processing,,UW
CS,476,Num Computation: Fin Modeling,,UW
CS,479,Neural Networks,,UW
CS,480,Intro Machine Learning,,UW
CS,482,Comp Tech: Biol Seq Analysis,,UW
CS,484,Computational Vision,,UW
CS,486,Intro Artificial Intelligence,,UW
CS,487,Intro Symbolic Computation,,UW
CS,488,Intro Computer Graphics,,UW
CS,489,Advanced Topics,Foundat'ns of Modern Cryptogra,UW
CS,489,Advanced Topics,Computational Audio,UW
CS,489,Advanced Topics,Secure Programming,UW
CS,490,Information Systems Management,,UW
CS,492,Social Implications of Comp,,UW
CS,494,Team Project 2,,UW
DAC,201,Designing Digital Media,,UW
DAC,201,Designing Digital Media,,UW
DAC,202,Designing Digital Video,,UW
DAC,203,Designing Digital Sound,,UW
DAC,204,Intro Game Design,,UW
DAC,209,Intro Critical Design Practice,,BLND
DAC,209,Intro Critical Design Practice,,BLND
DAC,300,Topics: Digital Design,Trends&Future Digtl Media Art,UW
DAC,302,Digital Storytelling Design,,UW
DAC,309,User Experience Design,,BLND
DAC,400,Res Project: Digital Design,,BLND
DUTCH,271,Dutch Culture & Society,,ONLN
EARTH,122,Intro Env Sciences,,UW
EARTH,122L,Intro Env Sciences Lab,,UW
EARTH,221,Intro Geochemistry,,UW
EARTH,232,Intro Petrography,,UW
EARTH,238,Intro Structural Geology,,UW
EARTH,270,Disasters & Natural Hazards,,ONLN
EARTH,322,Ecohydrology,,UW
EARTH,332,Metamorphic Petrology,,UW
EARTH,333,Introductory Sedimentology,,UW
EARTH,355,Water: Data to Decisions,,UW
EARTH,390,Geological Mapping Methods,,OFF
EARTH,436B,Honours Thesis,,UW
EARTH,437,Rock Mechanics,,UW
EARTH,438,Engineering Geology,,UW
EARTH,456,Hydrogeology Num Methods,,UW
EARTH,459,Chemical Hydrogeology,,UW
EARTH,471,Mineral Deposits,,UW
EARTH,491,Topics: Earth & Env Sciences,Precambrian Geology,UW
EARTH,491,Topics: Earth & Env Sciences,Coastal Geomorphology,UW
EASIA,100R,Intro East Asia,,ONLNR
EASIA,101R,East Asian Languages,,REN
EASIA,202R,Chinese Culture & Society,,REN
EASIA,203R,Japanese Culture & Society,,REN
EASIA,231R,Calligraphy to Conceptual Art,,REN
EASIA,275R,Religion & Japanese Film,,REN
EASIA,302R,China: Foreign Plcy Since 1949,,REN
EASIA,336R,Korean Pop Culture,,REN
ECE,102,Information Session,,UW
ECE,106,Electricity & Magnetism,,UW
ECE,108,Discrete Math & Logic 1,,UW
ECE,109,Materials Chemistry for Eng,,UW
ECE,124,Digital Circuits & Systems,,UW
ECE,140,Linear Circuits,,UW
ECE,192,Eng Economics & Society Impact,,UW
ECE,201,Information Session,,UW
ECE,204,Numerical Methods,,UW
ECE,205,Adv Calculus 1 (ECE),,UW
ECE,222,Digital Computers,,UW
ECE,240,Electronic Circuits 1,,UW
ECE,250,Algorithms & Data Structures,,UW
ECE,301,Information Session,,UW
ECE,318,Communication Systems,,UW
ECE,327,Digital Hardware Systems,,UW
ECE,340,Electronic Circuits 2,,UW
ECE,350,Real-Time Operating Systems,,UW
ECE,375,Electromagnetic Fields & Waves,,UW
ECE,380,Analog Control Systems,,UW
ECE,402,Information Session,,UW
ECE,405C,Quant Comp Algo Programming,,UW
ECE,405D,Superconducting Quant Circuits,,UW
ECE,406,Algorithm Design & Analysis,,UW
ECE,409,Cryptography & System Security,,UW
ECE,416,Advanced Topics in Networking,,UW
ECE,417,Image Processing,,UW
ECE,423,Embedded Computer Systems,,UW
ECE,444,Integrated Analog Electronics,,UW
ECE,451,Software Req Specif & Analysis,,UW
ECE,452,Software Design & Archit,,UW
ECE,453,"Software Test, QA & Maint",,UW
ECE,457B,Computational Intelligence,,UW
ECE,459,Programming for Performance,,UW
ECE,464,HV Eng & Pwr Sys Protection,,UW
ECE,467,Power Sys Operations & Markets,,UW
ECE,474,Radio & Wireless Systems,,UW
ECE,488,Multivariable Control Systems,,UW
ECE,493,Special Topics,Social Robotics,UW
ECE,493,Special Topics,Ultrasound Medicine & Biology,UW
ECE,493,Special Topics,Foundations of Multiagent Sys,UW
ECE,493,Special Topics,IOT Signal Processing,UW
ECE,495,Autonomous Vehicles,,UW
ECE,498A,Engineering Design Project,,UW
ECE,498B,Engineering Design Project,,UW
ECE,499,Engineering Project,,UW
ECON,100,Principles of Economics,,UW
ECON,101,Intro Microeconomics,,UW
ECON,101,Intro Microeconomics,,ONLN
ECON,102,Intro Macroeconomics,,UW
ECON,102,Intro Macroeconomics,,ONLN
ECON,120W,Intro to Microeconomics (WLU),,ONLNL
ECON,140W,Intro to Macroeconomics (WLU),,WLU
ECON,140W,Intro to Macroeconomics (WLU),,ONLNL
ECON,201,Microecon Theory: Bus & Policy,,UW
ECON,206,Money & Banking 1,,UW
ECON,207,Economic Growth & Dev 1,,UW
ECON,207W,Economic Development (WLU),,WLU
ECON,211,Intro Mathematical Econ,,UW
ECON,212,Intro Game Theory,,UW
ECON,221,Statistics for Economists,,UW
ECON,223W,Econ Cdn Banking&Fin Sys (WLU),,WLU
ECON,223W,Econ Cdn Banking&Fin Sys (WLU),,ONLNL
ECON,229W,Economics of China (WLU),,ONLNL
ECON,233W,Public Econ: Expenditure (WLU),,WLU
ECON,238W,Environmental Economics (WLU),,WLU
ECON,239W,Intro Internat'l Trade (WLU),,WLU
ECON,241,Intro Public Economics,,ONLN
ECON,248W,Economics of Health (WLU),,ONLNL
ECON,249W,International Finance (WLU),,ONLNL
ECON,250W,Int Macroec Anlys for Mgt(WLU),,ONLNL
ECON,254,Economics of Sport,,ONLN
ECON,260W,Int Microec Analysis Mgt (WLU),,WLU
ECON,261,Philosophy of Economics,,UW
ECON,270W,Microeconomic Theory I (WLU),,WLU
ECON,290,Choice in Competitive Markets,,UW
ECON,290W,Int Macroeconomics I (WLU),,WLU
ECON,295W,Introductory Econometrics(WLU),,WLU
ECON,306,Macroeconomics,,UW
ECON,310EW,"Econ, Tech and Innovation (WLU",,WLU
ECON,310IW,Market Design (WLU),,WLU
ECON,316W,Economics & Gender (WLU),,WLU
ECON,322,Econometric Analysis 1,,UW
ECON,323,Econometric Analysis 2,,UW
ECON,332,International Finance,,UW
ECON,371,Business Finance 1,,UW
ECON,390W,Interm Macroeconomics II (WLU),,WLU
ECON,391,Equilibrium: Market Economies,,UW
ECON,392,Strategic Sit & Welfare Econ,,UW
ECON,393,Market Failures,,UW
ECON,407,Economic Growth & Dev 2,,UW
ECON,409,"Workers, Jobs & Wages",,UW
ECON,412,Topics: Game Theory,,UW
ECON,421,Econometric Theory,,UW
ECON,422,Microeconometric Analysis,,UW
ECON,423,Time Series Econometrics,,UW
ECON,443,Political Economy,,UW
ECON,472,Senior Honours Essay,,UW
ECON,484,Special Topics,Water Economics,UW
ECON,496,Advanced Macroeconomics,,UW
EMLS,101R,Oral Comm: Academic Purposes,,REN
EMLS,101R,Oral Comm: Academic Purposes,,ONLNR
EMLS,102R,Clear Comm in Engl Writing,,REN
EMLS,102R,Clear Comm in Engl Writing,,ONLNR
EMLS,103R,Effective Engl Pronunciation,,BLNDR
EMLS,129R,Written Academic English,,ONLNR
ENBUS,112,Op Sustainable Dev in Business,,UW
ENBUS,302,Strategies for Env & Business,,UW
ENBUS,310,Intro Sustainable Finance,,UW
ENBUS,314,Sustainable Business Models,,UW
ENBUS,402B,Env & Bus Project B,,UW
ENBUS,405,Intro Life Cycle Assessment,,UW
ENBUS,410,Engaging Stakeholders,,UW
ENBUS,475,Env & Bus Special Topics,Interdiscipl Capstone Project,UW
ENBUS,475,Env & Bus Special Topics,Business Plan Project,UW
ENGL,100A,Fiction,,STJ
ENGL,101A,Intro Literary Studies,,UW
ENGL,101B,Intro Rhetorical Studies,,UW
ENGL,101B,Intro Rhetorical Studies,,ONLN
ENGL,101C,Intro Literature & Rhetoric,,UW
ENGL,104,Rhetoric in Popular Culture,,UW
ENGL,108A,The Superhero,,STJ
ENGL,108B,Global English Literatures,,UW
ENGL,108D,Digital Lives,,UW
ENGL,108D,Digital Lives,,ONLN
ENGL,108G,Horror,,UW
ENGL,108P,Popular Potter,,UW
ENGL,109,Intro Academic Writing,,UW
ENGL,109,Intro Academic Writing,,ONLN
ENGL,119,Communications (Math/Comp Sci),,UW
ENGL,190,Shakespeare,,UW
ENGL,191,Eng Comm (AE/CIVE/ENVE/GEOE),,UW
ENGL,192,Eng Comm (COMPE/ELE/MGTE),,UW
ENGL,193,Communication in the Sciences,Communication in the Phys Sci,UW
ENGL,193,Communication in the Sciences,Communication in the Life Sci,UW
ENGL,200A,English Literatures 1,,ONLN
ENGL,200B,English Literatures 2,,UW
ENGL,200C,English Literatures 3,,ONLN
ENGL,201,The Short Story,,UW
ENGL,203,Designing Digital Media,,UW
ENGL,204,Designing Digital Video,,UW
ENGL,208B,Science Fiction,,UW
ENGL,208C,Children's Literature Studies,,ONLN
ENGL,208G,Gothic Monsters,,UW
ENGL,209,Advanced Academic Writing,,UW
ENGL,210C,Genres of Creative Writing,,UW
ENGL,210C,Genres of Creative Writing,,ONLN
ENGL,210E,Tech Communication Genres,,UW
ENGL,210F,Business Communication Genres,,ONLN
ENGL,213,Literature & the Law,,STJ
ENGL,222,"Health, Illness & Narrative",,UW
ENGL,242,"Lit, Rhetoric & Visual Arts",,STJ
ENGL,251,Literary Theory & Criticism,,STJ
ENGL,251,Literary Theory & Criticism,,ONLN
ENGL,292,Rhetorical Theory & Criticism,,ONLN
ENGL,293,Intro Digital Media Studies,,UW
ENGL,294,Intro Critical Game Studies,,UW
ENGL,295,Social Media,,UW
ENGL,303,Topics: Digital Design,Trends&Future Digtl Media Art,UW
ENGL,304,Designing Digital Sound,,UW
ENGL,306A,Intro Linguistics,,STJ
ENGL,306A,Intro Linguistics,,ONLN
ENGL,308,Race & Resistance,,UW
ENGL,309A,Rhetoric: Classical to Enlight,,ONLN
ENGL,309C,Contemporary Rhetoric,,ONLN
ENGL,310A,Middle English Literature,,STJ
ENGL,313,Early Canadian Literatures,,UW
ENGL,320,Pre-Internet Media Hist,,UW
ENGL,324,Mod & Contemp American Drama,,STJ
ENGL,327,Black Diasporic 1740-1900,,UW
ENGL,335,Creative Writing 1,,STJ
ENGL,335,Creative Writing 1,,ONLN
ENGL,336,Creative Writing 2,,UW
ENGL,336,Creative Writing 2,,STJ
ENGL,344,American Lit: Modern,,UW
ENGL,345,American Lit: Global Context,,ONLN
ENGL,371,Editing Literary Works,,UW
ENGL,372,Women & Medicine in Lit,,STJ
ENGL,378,Prof Comm (Stats & Actsc),,STJ
ENGL,403,Res Project: Digital Design,,BLND
ENGL,406,Advanced Rhetorical Study,The Rhetoric of Fascism,UW
ENGL,408C,Digi Dsgn Rhet: Theory & Pract,,UW
ENGL,432,Topics: Creative Writing,Writers on Creative Writing,STJ
ENGL,481,Topics: Hist & Theory of Lang,Phonetics for Speech Sciences,UW
ENGL,484,Topics: Medieval-Romantic Lit,Early Modern Trans* Writing,UW
ENGL,486,Topics: Lit Modern to Contemp,War & Conflict in Literature,STJ
ENGL,494,Topics: Media & Crit Analysis,Critical Analysis of Humour,UW
ENTR,301W,Business Model Execution(WLU),,WLU
ENVE,223,Diff Equations & Balance Laws,,UW
ENVE,224,Probability & Statistics,,UW
ENVE,275,Environmental Chemistry,,UW
ENVE,280,Fluid Mechanics,,UW
ENVE,298,Seminar,,UW
ENVE,335,Decision Making,,UW
ENVE,376,Biological Processes,,UW
ENVE,382,Hydrol & Open Channel Flow,,UW
ENVE,383,Adv Hydrology & Hydraulics,,UW
ENVE,391,Law & Ethics,,UW
ENVE,399,Seminar,,UW
ENVE,401,Design Project 2,,UW
ENVE,495,Topics: Design Intensive,Air Quality Enginrng & Impacts,UW
ENVE,497,Topics: Env Eng,Env Fate of Organic Pollutants,UW
ENVE,499,Seminar,,UW
ENVE,573,Contaminant Transport,,UW
ENVE,577,Eng Solid Waste Management,,UW
ENVE,583,Design of Urban Water Systems,,UW
ENVS,131,Comm for Env Professions,,UW
ENVS,178,Env Appli: Data Mgmt & Stats,,UW
ENVS,195,Intro Environmental Studies,,UW
ENVS,200,Field Ecology,,UW
ENVS,205,Sustainability: Future We Want,,ONLN
ENVS,220,Ecological Economics,,UW
ENVS,278,Applied Stats for Env Research,,UW
ENVS,410,Urban Futures Project,,UW
ENVS,444,Parks & Natural Areas Mgmt,,UW
ENVS,469,Landscape: Ecol/Rest/Rehab,,UW
ENVS,474,Env Special Topics,Interdiscipl Capstone Project,UW
ENVS,474,Env Special Topics,Happiness & Sustainability,UW
ERS,101,"Env, Resources & Sust Approach",,UW
ERS,102,Sust: Really Long View,,UW
ERS,215,Env & Sust Assessment 1,,ONLN
ERS,234,Forest Ecosystems,,UW
ERS,245,Biodiversity Conservation,,ONLN
ERS,317,Waste Management,,UW
ERS,320,Economics & Sustainability,,UW
ERS,337,ReWilding & Ecol Restoration,,UW
ERS,346,Wildlife Ecology,,UW
ERS,375,Readings: Env/Resources/Sust,Sust. Assessment/Procurement,ONLN
ERS,383,Tropical Ecosystems,,UW
ERS,401,Translational Ecology,,UW
ERS,402,Senior Hons Research Seminar,,UW
ERS,403A,Senior Honours Thesis,,UW
ERS,403B,Senior Honours Thesis,,UW
ERS,404,Global Environmentl Governance,,UW
ERS,415,Env & Sust Assessment 3,,UW
ERS,431,Climate Change Consequences,,UW
ERS,456,Tranforming CND Resource Mgmt,,UW
EVST,110W,"Env, Sustain & Society (WLU)",,WLU
FINE,100,Studio Fundamentals,,UW
FINE,101,Art History & Visual Culture,,UW
FINE,130,Intro Digital Imaging,,ONLN
FINE,150,Appreciation & Expression,,UW
FINE,202,Painting,,UW
FINE,224,Expressive Drawing,,UW
FINE,228,Design & Imaging,,UW
FINE,242,Roman Art & Architecture,,UW
FINE,243,Topics: Experiential Learning,,OFF
FINE,257,"Video, Media & Digital Turn",,UW
FINE,275,Calligraphy to Conceptual Art,,REN
FINE,319,Contemporary Art,,UW
FINE,327,Open Studio,,UW
FINE,343,Topics: Experiential Learning,,OFF
FINE,473,Honours Thesis 2,,UW
FR,101,Beginner French,,ONLN
FR,151,Basic French 1,,UW
FR,151,Basic French 1,,ONLN
FR,152,Basic French 2,,STJ
FR,152,Basic French 2,,ONLN
FR,192A,French Language 1: Module 1,,UW
FR,192A,French Language 1: Module 1,,ONLN
FR,192B,French Language 1: Module 2,,UW
FR,192B,French Language 1: Module 2,,ONLN
FR,250,Intermediate Spoken French,,UW
FR,251,French Language 2: Module 1,,ONLN
FR,252,French Language 2: Module 2,,UW
FR,276,Intro Lit: Quebec & French CND,,UW
FR,297,Culture & Lit: 1715 to Present,,UW
FR,355,Business French 2,,ONLN
FR,452,Adv French Language,,UW
FR,473,Aspects of French Canada,,UW
FR,485,French Women Writers,,UW
GBDA,101,Intro Digital Media Design,,UW
GBDA,201,Digital Media Project 1,,UW
GBDA,202,Digital Media Project 2,,UW
GBDA,203,Intro Digital Culture,,UW
GBDA,204,Working in Teams & Prj Mgmt,,UW
GBDA,205,Quantitative Methods,,ONLN
GBDA,210,Intro User Experience Design,,UW
GBDA,211,Intro Global Business,,UW
GBDA,212,Portfolio & Prof Communication,,UW
GBDA,228,Digital Imaging Online Applic,,BLND
GBDA,302,Global Digital Project 2,,UW
GBDA,304,Marketing in the Digital World,,UW
GBDA,306,Ethics & Values in Design,,UW
GBDA,402,Capstone Course,,BLND
GBDA,410,User Experience Research,,UW
GBDA,412,Topics: Digital Cultures,How to Be Designer,UW
GBDA,413,Topics: Design & Society,Media for Social Change,UW
GBDA,414,Topics: Interaction Design,Virtual Reality,UW
GENE,120,First-Year Eng Seminar,,UW
GENE,123,Elec Circuits & Instrument,,UW
GENE,199,Topics: First-Year Eng,,ONLN
GENE,301,Special Directed Studies,,UW
GENE,302,Special Directed Studies,,UW
GENE,303,International Studies in Eng,,UW
GENE,315,Directed Studies: Non-Tech,,UW
GENE,396,Engineering Study Abroad,,OFF
GENE,402,Special Directed Studies,,UW
GENE,404,Interdiscipl Design Project 2,,UW
GENE,415,Directed Studies: Non-Tech,Analysis of Stdnt Leadrshp Exp,UW
GENE,499,Topics: Fourth-Year Eng,Appl Analysis of Tech Des Exp,UW
GENE,502,Directed Studies: Visiting Stu,,UW
GEOE,223,Diff Equations & Balance Laws,,UW
GEOE,224,Probability & Statistics,,UW
GEOE,280,Fluid Mechanics,,UW
GEOE,298,Seminar,,UW
GEOE,391,Law & Ethics,,UW
GEOE,399,Seminar,,UW
GEOE,401,Design Project 2,,UW
GEOE,495,Topics: Design Intensive,Energy Geomechanics,UW
GEOE,499,Seminar,,UW
GEOE,554,Geotechnical Engineering 3,,UW
GEOG,101,Human Geographies,,UW
GEOG,102,Global Environmental Systems,,UW
GEOG,181,Designing Effective Maps,,UW
GEOG,202,Geography of Global Economy,,UW
GEOG,207,Climate Change Fundamentals,,ONLN
GEOG,209,Hydroclimatology,,UW
GEOG,219,How Pandemic Change World,,ONLN
GEOG,281,Intro GIS,,UW
GEOG,306,Nat Hazards: Human Dimensions,,UW
GEOG,307,Climate Change: Soc Adaptation,,UW
GEOG,309,Physical Climatology,,UW
GEOG,314,Climate Services,,UW
GEOG,318,Spatial Analysis,,UW
GEOG,320,The Cryosphere,,UW
GEOG,323,Tourism: Intl Perspectives,,UW
GEOG,325,Geographies of Health,,UW
GEOG,368,Ecology & Conservation,,UW
GEOG,371,Adv Remote Sensing Techniques,,UW
GEOG,381,Advanced GIS,,UW
GEOG,391,Field Research,,UW
GEOG,405,Wetlands,,UW
GEOG,407,Env Hydrology: Terrestrial,,UW
GEOG,414,Climate Justice,,UW
GEOG,416,Aviation Sustainability,,UW
GEOG,417,Climate Change Communication,,UW
GEOG,420,Ice Sheets & Glaciers,,UW
GEOG,423,Sustainable Tourism,,UW
GEOG,432,Health & the Built Environment,,UW
GEOG,452,Climate Change & Env Project,,UW
GEOG,456,Tranforming CND Resource Mgmt,,UW
GEOG,457,Wildfire & Landscape Change,,UW
GEOG,471,Remote Sensing Project,,UW
GEOG,474,Special Topics: Geography,Metro CND:CHG&Str - PLAN450,UW
GEOG,481,GIS Project,,UW
GEOG,487,Management Issues in GIS,,UW
GEOG,490A,Honours Thesis Preparation,,UW
GEOG,490B,Honours Thesis Completion,,UW
GER,101,Elementary German 1,,UW
GER,101,Elementary German 1,,ONLN
GER,102,Elementary German 2,,UW
GER,102,Elementary German 2,,ONLN
GER,120,Fairy Tales: Then & Now,,ONLN
GER,200,Transcultural Studies,,UW
GER,201,Intermediate German 1,,ONLN
GER,202,Intermediate German 2,,ONLN
GER,250,Performance German 1,,UW
GER,303,Interactive Language & Culture,,ONLN
GER,350,Performance German 2,,UW
GERON,218,Psychology of Death & Dying,,STJ
GERON,245,Canadian Health Systems,,UW
GERON,310,"Development, Aging & Health",,UW
GERON,352,Sociology of Aging,,UW
GERON,355,Biology of Human Aging,,UW
GERON,400,Aging: Interdiscipl Perspect,,ONLN
GRK,102,Intro Ancient Greek 2,,UW
GRK,202,Selections from Greek Authors,,ONLN
GRK,331,Adv Studies: Greek Prose,Contxt and Genre of Grk Sympsm,UW
GRK,490,Greek: Selected Topics,Contxt and Genre of Grk Sympsm,UW
GSJ,102,Intro GSJ: The Global South,,UW
GSJ,206,Women & the Law,,UW
GSJ,222,Gender Issues,,UW
GSJ,260,Social Determinants of Health,,UW
GSJ,271,Special Topics,Sexual Violence & Citizenship,UW
GSJ,304,Research as Resistance,,UW
GSJ,307,Race & Resistance,,UW
GSJ,326,Sexuality & Law,,UW
GSJ,334,Women & Music,,CGC
GSJ,347,"Witches, Wives & Whores",,ONLN
GSJ,472,Topics: Intersect Fem Theory,Early Modern Trans* Writing,UW
GSJ,472,Topics: Intersect Fem Theory,Fem persepctive on Language,UW
GSJ,472,Topics: Intersect Fem Theory,Racial Justice Movements,UW
GSJ,472,Topics: Intersect Fem Theory,The Body Politic,UW
HEALTH,100,Healthy Lifestyle,,ONLN
HEALTH,105,Mental Health Literacy,,ONLN
HEALTH,150,Found Human Anatomy & Physiol,,ONLN
HEALTH,395,Study Abroad,,UW
HHUM,101,Health Humanities Foundations,,STJ
HHUM,222,"Health, Illness & Narrative",,UW
HHUM,263,"Contagion, Disease & Illness",,ONLNJ
HHUM,288,"Health, Medicine, Spirituality",,STJ
HHUM,311,"Culture, Mental Hlth, Wellness",,STJ
HHUM,312,Cross-Cultural Care Traditions,,STJ
HHUM,372,Women & Medicine in Lit,,STJ
HIST,105,Rock 'n' Roll & US History,,UW
HIST,111,History of Western World 2,,CGC
HIST,112,Sci & Tech in Global History,,UW
HIST,113,Canadian Business History,,UW
HIST,216,Long History of the Internet,,ONLN
HIST,226,Canada in World War 2,,UW
HIST,232,A History of Peace Movements,,ONLNG
HIST,235,History of Christianity,,CGC
HIST,236,Law & Society in Middle Ages,,STJ
HIST,239,Hist Mod China: 1911-Present,,UW
HIST,252,Roman History,,UW
HIST,254,Canada Since 1867,,STJ
HIST,258,US: Since the Civil War Era,,UW
HIST,268,A Global History of Empires,,UW
HIST,277,Canadian Legal History,,UW
HIST,313,Family in North America,,STJ
HIST,319,Animals in Human History,,UW
HIST,324,Gardens & Gardeners in Canada,,UW
HIST,342,Cold War Canada,,STJ
HIST,347,"Witches, Wives & Whores",,ONLN
HIST,358,Nazi Germany,,UW
HIST,374,Canada's Social History,,STJ
HIST,388,Modern Canada,,UW
HIST,422,Special Topics,20thc. German Hist via Memoirs,UW
HIST,422,Special Topics,Gender & Writing of History,STJ
HIST,422,Special Topics,Sex & Gender in Early Mod Euro,ONLN
HIST,450,Making History,,STJ
HLTH,102,Intro Health 2,,UW
HLTH,218,Psychology of Death & Dying,,STJ
HLTH,230,Intro Health Informatics,,UW
HLTH,245,Canadian Health Systems,,UW
HLTH,260,Social Determinants of Health,,UW
HLTH,301,Applied Health Promotion,,UW
HLTH,310,"Development, Aging & Health",,UW
HLTH,335,Intro Stat Analytics in Hlth,,UW
HLTH,341,Pathobiology Principles,,UW
HLTH,344,Qualitative Meth Hlth Research,,UW
HLTH,352,Sociology of Aging,,UW
HLTH,355,Public Health Nutrition,,UW
HLTH,358,Social Neuroscience 1,,UW
HLTH,370,Ecologic Determinants of Hlth,,UW
HLTH,392,Mental Hlth Systems & Policy,,UW
HLTH,400,Aging: Interdiscipl Perspect,,ONLN
HLTH,403,Global Health Innovation,,UW
HLTH,420,Health & the Built Environment,,UW
HLTH,435,Knowledge Translation,,UW
HLTH,443,Communicable Diseases,,UW
HLTH,445,Pandemic Preparedness,,UW
HLTH,449,Alcohol & Drug Use in Society,,UW
HLTH,458,Social Neuroscience 2,,UW
HLTH,465,Epigenetics & Health,,UW
HLTH,479,Child Mental Hlth Epidemiology,,UW
HLTH,480,Competencies in Health,,UW
HLTH,481,Community Learning Project,,UW
HRM,200,Basic Human Resources Mgmt,,UW
HRM,200,Basic Human Resources Mgmt,,ONLN
HRM,301,Strategic Human Resources Mgmt,,UW
HRM,303,Compensation,,UW
HRTS,101,Intro Human Rights,,UTD
HRTS,203,Charter of Rights & Freedoms,,UTD
HRTS,204,CND Law: Discrim & Rights,,UTD
HRTS,302,Contemp Human Rights Issues,,UTD
HRTS,305,Indigenous Rights,,UTD
INDENT,310,Indigenous Venture Creation,,ONLNT
INDENT,320,Indigenous Econ Dev Corp,,ONLNT
INDENT,325,Practicum 2,,ONLNT
INDEV,202,Acct for Dev Organizations,,UW
INDEV,300,Culture & Ethics,,UTD
INDEV,402,International Dev Placement 2,,ONLN
INDEV,490B,Hons Thesis: Prj Completion,,ONLN
INDG,201,Indigenous Experience Canada,,UTD
INDG,301,Theories Indigeneity,,UTD
INDG,305,Indigenous Rights,,UTD
INDG,390,Special Topics,Decolonizing Family,STJ
INNOV,201,Social Innovation Global,,UTD
INTEG,10,Knowledge Integration Seminar,,UW
INTEG,121,Collaboration & Dsgn Thinking,,UW
INTEG,221,Social Nature of Knowledge,,UW
INTEG,230,Museum: Prep & Field Trip,,UW
INTEG,321,Museum: Practicum & Present,,UW
INTEG,420B,Senior Honours Project B,,UW
ITAL,101,Intro Italian Language 1,,ONLNJ
ITAL,102,Intro Italian Language 2,,BLNDJ
ITAL,102,Intro Italian Language 2,,ONLNJ
ITAL,202,Intermediate Italian 2,,BLNDJ
ITALST,111,"Sex, Marriage, Family in Italy",,ONLNJ
ITALST,263,"Contagion, Disease & Illness",,ONLNJ
ITALST,281,Italian Cinema and the Novel,,STJ
ITALST,292,Ital Culture & Civilization 2,,ONLNJ
JAPAN,101R,First-Year Japanese 1,,REN
JAPAN,102R,First-Year Japanese 2,,REN
JAPAN,201R,Second-Year Japanese 1,,REN
JAPAN,202R,Second-Year Japanese 2,,REN
JAPAN,301R,Third-Year Japanese 1,,REN
JAPAN,302R,Third-Year Japanese 2,,REN
JS,209,Jews & Jewishness,,ONLN
JS,236,Paul: Life & Letters,,ONLNG
KIN,100,Regional Human Anatomy,,UW
KIN,100L,Regional Human Anatomy Lab,,UW
KIN,140L,Sports Injury Management Lab,,UW
KIN,146,Intro Human Nutrition,,UW
KIN,204,Assessment & Prescription,,UW
KIN,204L,Assessment & Prescription Lab,,UW
KIN,221,Advanced Biomechanics,,UW
KIN,221L,Advanced Biomechanics Lab,,UW
KIN,232,Research Design & Statistics,,UW
KIN,310,"Development, Aging & Health",,UW
KIN,312,Intro Neurological Disorders,,UW
KIN,320,Task Analysis,,UW
KIN,326,Forensic Biomechanics,,UW
KIN,327,Trauma Biomechanics,,UW
KIN,342,Nutrition & Aging,,UW
KIN,351,Orthopedic Injury Rehab,,UW
KIN,352,Sociology of Aging,,UW
KIN,356,Sensory Systems Neuroscience,,UW
KIN,360,Concussion,,ONLN
KIN,391,Research Apprenticeship,,UW
KIN,397,Strength & Conditioning,,UW
KIN,403,Occupational Physiology,,UW
KIN,404,Physiol: Obesity & Diabetes,,UW
KIN,415,Clinical Neurophysiology,,UW
KIN,431,Research Proposal,Kinesiology,UW
KIN,431,Research Proposal,Ergonomics,UW
KIN,431,Research Proposal,Rehabilitation,UW
KIN,431,Research Proposal,Gerontology,UW
KIN,431,Research Proposal,Nutrition,UW
KIN,431,Research Proposal,Motor Control and Learning,UW
KIN,431,Research Proposal,Movement Disorders,UW
KIN,431,Research Proposal,Anatomy,UW
KIN,431,Research Proposal,Occupational Health,UW
KIN,431,Research Proposal,Sports Medicine,UW
KIN,431,Research Proposal,Psych of Physical Activity,UW
KIN,431,Research Proposal,Sociology of Physical Activity,UW
KIN,431,Research Proposal,Neuroscience,UW
KIN,431,Research Proposal,Exercise Physiology,UW
KIN,431,Research Proposal,Biochemistry,UW
KIN,431,Research Proposal,Biomechanics,UW
KIN,432,Research Project,Kinesiology,UW
KIN,432,Research Project,Ergonomics,UW
KIN,432,Research Project,Rehabilitation,UW
KIN,432,Research Project,Gerontology,UW
KIN,432,Research Project,Nutrition,UW
KIN,432,Research Project,Motor Control and Learning,UW
KIN,432,Research Project,Movement Disorders,UW
KIN,432,Research Project,Anatomy,UW
KIN,432,Research Project,Occupational Health,UW
KIN,432,Research Project,Sports Medicine,UW
KIN,432,Research Project,Psych of Physical Activity,UW
KIN,432,Research Project,Sociology of Physical Activity,UW
KIN,432,Research Project,Neuroscience,UW
KIN,432,Research Project,Exercise Physiology,UW
KIN,432,Research Project,Biochemistry,UW
KIN,432,Research Project,Biomechanics,UW
KIN,433,Senior Essay,Kinesiology,UW
KIN,433,Senior Essay,Rehabilitation,UW
KIN,433,Senior Essay,Gerontology,UW
KIN,433,Senior Essay,Nutrition,UW
KIN,433,Senior Essay,Motor Control and Learning,UW
KIN,433,Senior Essay,Movement Disorders,UW
KIN,433,Senior Essay,Anatomy,UW
KIN,433,Senior Essay,Occupational Health,UW
KIN,433,Senior Essay,Sports Medicine,UW
KIN,433,Senior Essay,Psych of Physical Activity,UW
KIN,433,Senior Essay,Sociology of Physical Activity,UW
KIN,433,Senior Essay,Neuroscience,UW
KIN,433,Senior Essay,Exercise Physiology,UW
KIN,433,Senior Essay,Biochemistry,UW
KIN,433,Senior Essay,Biomechanics,UW
KIN,446,Advanced Nutrition,,BLND
KIN,455,Neurodevelopment,,UW
KIN,470,Sem: Kinesiology,Human-Technology Interfaces,UW
KIN,470,Sem: Kinesiology,Health in Neurologic Disease,UW
KIN,470,Sem: Kinesiology,"Health, wellness, and society",UW
KIN,470,Sem: Kinesiology,Kinesiology in the Workplace,UW
KIN,471,Kin: Contemporary Issues,Behaviour Change,UW
KIN,471,Kin: Contemporary Issues,Health Psychology,UW
KIN,472,Directed Study,Kinesiology,UW
KIN,472,Directed Study,Nutrition,UW
KIN,472,Directed Study,Ergonomics,UW
KIN,472,Directed Study,Rehabilitation,UW
KIN,472,Directed Study,Psych of Physical Activity,UW
KIN,472,Directed Study,Sociology of Physical Activity,UW
KIN,472,Directed Study,Anatomy,UW
KIN,472,Directed Study,Occupational Health,UW
KIN,472,Directed Study,Sports Medicine,UW
KIN,472,Directed Study,Neuroscience 2,UW
KIN,472,Directed Study,Neuroscience 1,UW
KIN,472,Directed Study,Exercise Physiology 2,UW
KIN,472,Directed Study,Exercise Physiology 1,UW
KIN,472,Directed Study,Biomechanics 2,UW
KIN,472,Directed Study,Biomechanics 1,UW
KIN,492,Exercise & Chronic Diseases,,UW
KOREA,101R,First-Year Korean 1,,REN
KOREA,102R,First-Year Korean 2,,REN
KOREA,201R,Second-Year Korean 1,,REN
KOREA,202R,Second-Year Korean 2,,REN
LAT,102,Intro Latin 2,,UW
LAT,202,Selections from Latin Authors,,UW
LS,101,Intro Legal Studies,,STJ
LS,101,Intro Legal Studies,,ONLNJ
LS,201,Women & the Law,,UW
LS,202,Criminal Law,,STJ
LS,206,Canadian Government & Politics,,UW
LS,213,Surveillance Studies,,UW
LS,221,Research Methods,,UW
LS,227,Criminology,,ONLN
LS,236,Law & Society in Middle Ages,,STJ
LS,237,Canadian Legal History,,UW
LS,250,Family Policy and the Law,,STJ
LS,271,Conflict Resolution,,ONLNG
LS,273,Children's Rights in Canada,,ONLNR
LS,283,Business Law,,UW
LS,286,Law in Popular Culture,,BLNDJ
LS,292,Literature & the Law,,STJ
LS,300,Sociology of Law,,UW
LS,300,Sociology of Law,,STJ
LS,301,Legal Studies Research Methods,,STJ
LS,319,Negotiation: Theory & Strat,,CGC
LS,322,Field Research Methods,,BLND
LS,325,Sexuality & Law,,UW
LS,326,Punishment & Society,,UW
LS,327,Policing in a Democratic Soc,,ONLNJ
LS,328,Trafficking & Financial Crime,,ONLN
LS,344,Restorative Justice,,CGC
LS,351,Philosophy of Law,,BLNDJ
LS,366,Global Governance,,UW
LS,386,Law & Violence,,BLNDJ
LS,387,Criminal Justice Institutions,,UW
LS,401,"Law, Culture & Rights",,STJ
LS,401,"Law, Culture & Rights",,ONLNJ
LS,402,Legal Authority & Subjectivity,,STJ
LS,402,Legal Authority & Subjectivity,,ONLNJ
LS,403,Crime & Public Policy,,UW
LS,426,Criminology of Mobility,,UW
LS,431,Corporate Governance,,STJ
LS,433,"Crime, Law & Technoscience",,UW
LS,462,Indigenous Political Theory,,UW
LS,496,Special Topics,Gender & Crime,UW
LS,496,Special Topics,Wicked Problems of Policing,UW
LS,496,Special Topics,Laws of Academia,ONLNJ
LS,498,Directed Readings,,UW
MATBUS,371,Intro Corporate Finance,,UW
MATBUS,470,Derivatives,,UW
MATBUS,471,Fixed Income Securities,,UW
MATBUS,472,Risk Management,,UW
MATH,103,Intro Algebra (Arts & Soc Sci),,ONLN
MATH,104,Intro Calc (Arts & Soc Sci),,ONLN
MATH,106,Applied Linear Algebra 1,,ONLN
MATH,114,Linear Algebra (Sci),,UW
MATH,118,Calculus 2 (Eng),,UW
MATH,119,Calculus 2 (Eng),,UW
MATH,127,Calculus 1 (Sci),,UW
MATH,127,Calculus 1 (Sci),,ONLN
MATH,128,Calculus 2 (Sci),,UW
MATH,128,Calculus 2 (Sci),,ONLN
MATH,135,Algebra (Honours),,UW
MATH,135,Algebra (Honours),,ONLN
MATH,136,Linear Algebra 1 (Honours),,UW
MATH,136,Linear Algebra 1 (Honours),,ONLN
MATH,137,Calculus 1 (Honours),,UW
MATH,137,Calculus 1 (Honours),,ONLN
MATH,138,Calculus 2 (Honours),,UW
MATH,138,Calculus 2 (Honours),,ONLN
MATH,146,Linear Algebra 1 (Adv),,UW
MATH,148,Calculus 2 (Adv),,UW
MATH,207,Calculus 3 (Non-Spec),,UW
MATH,213,"Signals, Sys & Diff Eq",,UW
MATH,217,Calculus 3 (Chem Eng),,UW
MATH,225,Applied Linear Algebra 2,,ONLN
MATH,227,Calculus 3 (Hons Phys),,ONLN
MATH,228,Diff Equations (Phys & Chem),,ONLN
MATH,235,Linear Algebra 2 (Honours),,UW
MATH,235,Linear Algebra 2 (Honours),,ONLN
MATH,237,Calculus 3 (Honours),,UW
MATH,237,Calculus 3 (Honours),,ONLN
MATH,239,Intro Combinatorics,,UW
MATH,247,Calculus 3 (Adv),,UW
MATH,249,Intro Combinatorics (Adv),,UW
ME,100B,Seminar,,UW
ME,101,Intro Practice 2,,UW
ME,115,Material Struct & Props,,UW
ME,123,Electrical Engineering,,UW
ME,200A,Seminar,,UW
ME,201,Advanced Calculus,,UW
ME,202,Statistics for Engineers,,UW
ME,219,Mech of Deformable Solids 1,,UW
ME,230,Control of Material Properties,,UW
ME,269,Electromech Dev & Power Proc,,UW
ME,300A,Seminar,,UW
ME,300B,Seminar,,UW
ME,303,Adv Engineering Mathematics,,UW
ME,321,Machine & Mech Vibration Dynam,,UW
ME,322,Mechanical Design 1,,UW
ME,340,Manufacturing Processes,,UW
ME,351,Fluid Mechanics 1,,UW
ME,353,Heat Transfer 1,,UW
ME,354,Thermodynamics 2,,UW
ME,360,Intro Control Systems,,UW
ME,362,Fluid Mechanics 2,,UW
ME,380,Design Workshop,,UW
ME,400B,Seminar,,UW
ME,452,HVAC Load Anal & Design Fund,,UW
ME,482,Design Project 2,,UW
ME,526,Fatigue & Fracture Analysis,,UW
ME,533,Mtls: Non-Metal & Composite,,UW
ME,535,Welding Metallurgy,,UW
ME,538,"Welding: Dsgn, Fab & Qual Ctrl",,UW
ME,547,Robot Manipulators,,UW
ME,555,Computer-Aided Design,,UW
ME,557,Combustion 1,,UW
ME,562,Experimental Methods in Fluids,,UW
ME,563,Turbomachines,,UW
ME,564,Aerodynamics,,UW
ME,567,Fire Safety Engineering,,UW
ME,573,"HVAC System, Equip, Efficiency",,UW
ME,574,Engineering Biomechanics,,UW
ME,597,Special Topics,Autonomous Mobile Robots,UW
ME,598,Special Topics,Smart Mat. & Active Structures,UW
ME,598,Special Topics,"Comp Mats: Intro, Fab & Des",UW
ME,599,Special Topics,Fuel Cell Technology,UW
MEDVL,205,Medieval Society,,UW
MGMT,244,Principles of Marketing,,UW
MGMT,244,Principles of Marketing,,ONLN
MGMT,345,Marketing Strategy,,UW
MNS,102,Materials & Nanosci Techniques,,UW
MNS,201L,Materials & Nanosciences Lab,,UW
MNS,221,Physics & Solid State,,UW
MNS,322,Polymer Materials,,UW
MNS,331,Biomaterials,,UW
MNS,410,Topics: Solid-State Materials,,UW
MNS,431,Topics: Nano-Biomaterials,,UW
MSE,100B,Seminar,,UW
MSE,121,Intro to Computer Programming,,UW
MSE,131,Work Design & Facilities Plan,,UW
MSE,211,Organizational Behaviour,,UW
MSE,211,Organizational Behaviour,,ONLN
MSE,261,Eng Economics: Fin Mgmt,,UW
MSE,300A,Seminar,,UW
MSE,311,Organizational Design & Tech,,ONLN
MSE,331,Intro Optimization,,UW
MSE,334,Ops Plan & Inventory Ctrl,,UW
MSE,342,Principles of Software Eng,,UW
MSE,391,Work-Term Report,,ONLN
MSE,392,Work-Term Report,,ONLN
MSE,400B,Seminar,,UW
MSE,402,Design Project 2,,UW
MSE,431,Stochastic Models & Methods,,UW
MSE,432,Prod & Svc Ops Mgmt,,UW
MSE,433,Management Eng Applications,,UW
MSE,435,Adv Optimization Techniques,,UW
MSE,442,Impact Info Sys on Orgs & Soc,,UW
MSE,442,Impact Info Sys on Orgs & Soc,,ONLN
MSE,446,Introduction Machine Learning,,UW
MSE,454,Technical Entrepreneurship,,UW
MSE,454,Technical Entrepreneurship,,ONLN
MSE,491,Work-Term Report,,ONLN
MSE,546,Advanced Machine Learning,,UW
MSE,555,Scheduling: Theory & Practice,,UW
MTE,100B,Seminar,,UW
MTE,111,Material Struct & Props,,UW
MTE,119,Statics,,UW
MTE,120,Circuits,,UW
MTE,140,Algorithms & Data Structures,,UW
MTE,182,Physics 2: Dynamics,,UW
MTE,200A,Seminar,,UW
MTE,201,Exp Measure & Stat Analysis,,UW
MTE,202,Ordinary Differential Equation,,UW
MTE,219,Mechanics of Deformable Solids,,UW
MTE,262,Intro to Digital Logic,,UW
MTE,300A,Seminar,,UW
MTE,300B,Seminar,,UW
MTE,309,Intro Thermodyn & Heat Transf,,UW
MTE,320,Actuators & Power Electronics,,UW
MTE,321,Design & Dynamics of Machines,,UW
MTE,322,Electromech Machine Design,,UW
MTE,325,Microprocessor Sys & Interface,,UW
MTE,351,Systems Models,,UW
MTE,352,Fluid Mechanics 1,,UW
MTE,360,Automatic Control Systems,,UW
MTE,380,Design Workshop,,UW
MTE,400B,Seminar,,UW
MTE,482,Project,,UW
MTE,546,Multi-Sensor Data Fusion,,UW
MTHEL,131,Intro Actuarial Practice,,UW
MTHEL,298,Topics 2,Social Implications of Math,UW
MTHEL,498,Topics 4,Future Cities Capstone Part II,UW
MUSIC,100,Understanding Music,,CGC
MUSIC,110,How Music Matters,,CGC
MUSIC,111,Fundamentals of Music Theory,,CGC
MUSIC,116,Music Ensemble,,CGC
MUSIC,117,Music Ensemble,,CGC
MUSIC,140,Popular Music & Culture,,CGC
MUSIC,216,Music Ensemble,,CGC
MUSIC,217,Music Ensemble,,CGC
MUSIC,226,Music Studio,,CGC
MUSIC,227,Music Studio,,CGC
MUSIC,233,Musical Rhythms of the World,,CGC
MUSIC,240,Intro Jazz,,CGC
MUSIC,246,Soundtracks: Music in Film,,CGC
MUSIC,255,The Romantic Century,,CGC
MUSIC,270,Music Theory 1,,CGC
MUSIC,271,Music Theory 2,,CGC
MUSIC,275,Music & Technology,,CGC
MUSIC,290,Special Topics,Video Game Music,CGC
MUSIC,316,Music Ensemble,,CGC
MUSIC,317,Music Ensemble,,CGC
MUSIC,322,Conducting 2,,CGC
MUSIC,326,Music Studio,,CGC
MUSIC,327,Music Studio,,CGC
MUSIC,333,Music & Landscape,,CGC
MUSIC,334,Women & Music,,CGC
MUSIC,364,Worship & its Music,,CGC
MUSIC,370,Music Theory 3: 19th Century,,CGC
MUSIC,380,Directed Study,,CGC
MUSIC,381,Directed Study,,CGC
MUSIC,392,Topics: Global Music,Balinese New Music Creation,CGC
MUSIC,416,Music Ensemble,,CGC
MUSIC,417,Music Ensemble,,CGC
MUSIC,426,Music Studio,,CGC
MUSIC,427,Music Studio,,CGC
MUSIC,428,Music Studio,,CGC
MUSIC,492,Senior Honours Thesis,,CGC
NE,110,Intro Nanomaterials Hlth Risks,,UW
NE,113,Intro Computational Methods,,UW
NE,125,Intro Materials Sci & Eng,,UW
NE,131,Physics,,UW
NE,140,Linear Circuits,,UW
NE,409,Nanosys Dsgn Prj & Symposium,,UW
NE,452,Topics: Nanoscale Simulations,,UW
NE,455A,Nano-Electronics Lab 2,,UW
NE,455B,Nano-Instrumentation Lab 2,,UW
NE,455C,Nanobiosystems Lab 2,,UW
NE,455D,Nanostructured Materials Lab 2,,UW
NE,459,Research Project,,UW
NE,466,Tactile Sensors & Transducers,,UW
NE,476,Organic Electronics,,UW
NE,487,Microfluid & Nanobiotechn Sys,,UW
NE,488,Biomaterials & Tissue Eng,,UW
NE,496,Nanomaterials for Engery Sys,,UW
PACS,201,Roots of Conflict/Viol/Peace,,ONLNG
PACS,202,Conflict Resolution,,ONLNG
PACS,203,A History of Peace Movements,,ONLNG
PACS,290,Special Topics,Social Implications of Math,UW
PACS,301,Special Topics 1 in PACS,Future of War and Peace,CGC
PACS,312,Quest for Peace in Lit & Film,,CGC
PACS,314,Restorative Just/Transform Ed,,CGC
PACS,323,Negotiation: Theory & Strat,,CGC
PACS,326,Religion & Peacebuilding,,CGC
PACS,329,Restorative Justice,,CGC
PACS,331,"Trauma, Healing, Soc Transform",,CGC
PACS,390,Internship,,CGC
PACS,391,Conflict Resolution Skills,Workshop 1,CGC
PACS,391,Conflict Resolution Skills,Workshop 2,CGC
PACS,398,Directed Readings,,CGC
PACS,402,Senior Research Seminar,,CGC
PD,1,Career Fundamentals,,ONLN
PD,3,Communication,,ONLN
PD,4,Teamwork,,ONLN
PD,5,Project Management,,ONLN
PD,6,Problem Solving,,ONLN
PD,8,Intercultural Skills,,ONLN
PD,10,Professional Resp in Computing,,ONLN
PD,11,Technical Report Writing,,ONLN
PD,12,Critical Reflection,,ONLN
PD,19,Tactics for Workplace Success,,ONLN
PD,20,Strategies for Career Success,,ONLN
PD,22,Eng Professionalism & Ethics,,ONLN
PHARM,353,Entrepreneurship in Pharmacy,,UW
PHARM,362,Advanced Patient Self Care,,UW
PHARM,367,Pediatric Pharmacy,,UW
PHARM,374,Complementary& Alternative Med,,UW
PHARM,376,Diverse Popl'n Pharmacy,,UW
PHARM,378,Pharmacotherapy: Women's Hlth,,UW
PHARM,467,Oral Anticoag Therapy Mgmt,,ONLN
PHIL,100J,Intro Philosophy,,BLNDJ
PHIL,101,Challenging Ideas: Intro Phil,,UW
PHIL,110A,Intro Phil: Knowledge/Reality,,ONLN
PHIL,121,Moral Issues,,UW
PHIL,125,Happiness,,UW
PHIL,145,Critical Thinking,,UW
PHIL,145,Critical Thinking,,STJ
PHIL,145,Critical Thinking,,ONLN
PHIL,201,Philosophy of Sex & Love,,ONLN
PHIL,202,Gender Issues,,UW
PHIL,205,Philosophy of Economics,,UW
PHIL,208,Phil Through Science Fiction,,UW
PHIL,215,Professional & Business Ethics,,UW
PHIL,215,Professional & Business Ethics,,STJ
PHIL,218J,Foundations of Ethics,,BLNDJ
PHIL,219J,Practical Ethics,,STJ
PHIL,221,Ethics,,ONLN
PHIL,226,Biomedical Ethics,,UW
PHIL,240,Intro Formal Logic,,ONLN
PHIL,251,Metaphysics & Epistemology,,UW
PHIL,256,Intro Cognitive Science,,UW
PHIL,258,Intro Philosophy of Science,,UW
PHIL,260,Ancient Science,,UW
PHIL,271,Special Topics,"Science, Ethics, Dogs",UW
PHIL,283,Great Works: Ancient & Medvl,,STJ
PHIL,319J,Ethics of End-of-Life Care,,STJ
PHIL,320,Topics: Value Theory,Quantifying the Good,UW
PHIL,324,Social & Political Philosophy,,ONLN
PHIL,327,Philosophy of Law,,BLNDJ
PHIL,350,Topics: Epistemology,,UW
PHIL,405,Studies in Modern Philosophy,Kant's Critique of Pure Reason,STJ
PHIL,422,Studies: Political Philosophy,Racial Justice Movements,UW
PHIL,463,Philosophy of Language,Fem persepctive on Language,UW
PHIL,471,Special Topics,Cosmology,UW
PHYS,10,Sem: Physics,,UW
PHYS,111,Physics 1,,UW
PHYS,111,Physics 1,,ONLN
PHYS,112,Physics 2,,UW
PHYS,112L,Physics 2 Lab,,UW
PHYS,115,Mechanics,,UW
PHYS,121,Mechanics,,ONLN
PHYS,122,"Waves, Electricity & Magnetism",,UW
PHYS,122L,"Waves, Electric, Magnetic Lab",,UW
PHYS,124,Modern Physics,,UW
PHYS,160L,Intro Measurement Lab,,UW
PHYS,175,Intro to the Universe,,UW
PHYS,175L,Intro to the Universe Lab,,UW
PHYS,233,Intro Quantum Mechanics,,UW
PHYS,234,Quantum Physics 1,,UW
PHYS,242,Electricity & Magnetism 1,,UW
PHYS,242L,Electricity & Magnetism Lab,,UW
PHYS,260L,Intermediate Physics Lab,,UW
PHYS,263,Class Mech & Spec Rel,,UW
PHYS,267,"Prob, Stats & Data Analysis",,UW
PHYS,270L,Astronomical Observations Lab,,UW
PHYS,280,Intro Biophysics,,UW
PHYS,334,Quantum Physics 2,,UW
PHYS,335,Condensed Matter Physics,,UW
PHYS,349,Advanced Computational Physics,,UW
PHYS,359,Statistical Mechanics,,UW
PHYS,360A,Modern Physics Lab 1,,UW
PHYS,360B,Modern Physics Lab 2,,UW
PHYS,365,Mathematical Physics 2,,UW
PHYS,370L,Astronomy Lab 1,,UW
PHYS,375,Stars,,UW
PHYS,383,Medical Physics,,UW
PHYS,391,Electronics,,UW
PHYS,391L,Electronics Lab,,UW
PHYS,394,Light-Matter Interactions,,UW
PHYS,396,Biophysics of Imaging,,UW
PHYS,435,Topics: Condensed Matter,,UW
PHYS,437A,Research Project,,UW
PHYS,437B,Research Project (Continued),,UW
PHYS,444,Intro Particle Physics,,UW
PHYS,460A,Advanced Laboratory 1,,UW
PHYS,460B,Advanced Lab 2,,UW
PHYS,467,Intro Quantum Info Processing,,UW
PHYS,476,Intro General Relativity,,UW
PHYS,483,Adv Therap Oncol & Med Phys,,UW
PHYS,484,Quantum Theory 3,,UW
PLAN,103,Plan Governance & Admin,,UW
PLAN,110,Visual Comm & Design,,UW
PLAN,133,Equity-Justice-Public Interest,,UW
PLAN,203,Transportation Plan & Mobility,,UW
PLAN,211,Design Studio Foundations,,UW
PLAN,233,Social Plan & Community Dev,,UW
PLAN,261,Urban & Metro Plan & Dev,,UW
PLAN,281,Intro GIS,,UW
PLAN,341,Ecology & Conservation,,UW
PLAN,353,Spatial Analysis,,UW
PLAN,381,Advanced GIS,,UW
PLAN,401,"Confl, Negotiation & Tribunals",,UW
PLAN,403,"Prof Pract, Pub & Priv Admin",,UW
PLAN,405,Integrated Planning Project,,UW
PLAN,409,Community Design Studio,,UW
PLAN,419,Climate Change & Community,,ONLN
PLAN,431,Issues in Housing,,UW
PLAN,432,Health & the Built Environment,,UW
PLAN,442,Indigenous Peoples & Planning,,UW
PLAN,471,Planning & Municipal Law,,UW
PLAN,474,Special Topics: Planning,Metro CND:CHG&Str - PLAN450,UW
PLAN,477,Freight Planning & Policy,,UW
PLAN,478,Transit Planning & Operations,,UW
PLAN,481,GIS Project,,UW
PLAN,483,Land Development Planning,,UW
PLAN,485,"Projects, Problems & Readings",Biodiversity and Conservation,UW
PLAN,487,Management Issues in GIS,,UW
PLAN,490,Senior Honours Essay,,UW
PMATH,330,Intro Mathematical Logic,,UW
PMATH,331,Applied Real Analysis,,UW
PMATH,332,Applied Complex Analysis,,UW
PMATH,333,Intro Real Analysis,,UW
PMATH,334,Intro Rings & Fields w/ Applic,,UW
PMATH,340,Elementary Number Theory,,UW
PMATH,343,Intro Math of Quantum Info,,UW
PMATH,348,Fields & Galois Theory,,UW
PMATH,351,Real Analysis,,UW
PMATH,352,Complex Analysis,,UW
PMATH,365,Differential Geometry,,UW
PMATH,433,Model Theory,,UW
PMATH,441,Algebraic Number Theory,,UW
PMATH,445,Rep of Finite Groups,,UW
PMATH,451,Measure & Integration,,UW
PMATH,467,Algebraic Topology,,UW
PSCI,150,Intro Global Politics,,UW
PSCI,226,Modern Political Thought,,ONLN
PSCI,253,Religion & Politics,,UW
PSCI,255,Pol Econ of Rich Countries,,UW
PSCI,260,Canadian Government & Politics,,UW
PSCI,282,Foreign Policy,,UW
PSCI,284,Intro Security Studies,,UW
PSCI,301,Canadian Political Economy,,UW
PSCI,326,Multiculturalism & Democracy,,UW
PSCI,334,Public Policy,,UW
PSCI,358,Political Change in China,,UW
PSCI,373,"Elections, Pol Parties & Mktg",,UW
PSCI,380,Pol Econ: International Trade,,UW
PSCI,385,China: Foreign Plcy Since 1949,,REN
PSCI,389,Global Governance,,UW
PSCI,390,Special Studies,Future of War and Peace,CGC
PSCI,391,Special Studies,,UW
PSCI,400,Special Honours Essay,,ONLN
PSCI,432,Global Environmentl Governance,,UW
PSCI,457,Narratives of Exile,,UW
PSCI,462,Indigenous Political Theory,,UW
PSCI,470,The Body Politic,,UW
PSCI,485,Topics: Intl Pol Economy,,UW
PSCI,494,Current Issues,,ONLN
PSCI,495,Research Apprenticeship,,ONLN
PSCI,496,Civic Engagement,,ONLN
PSCI,499B,Special Honours Essay,,ONLN
PSYCH,101,Intro Psychology,,UW
PSYCH,101,Intro Psychology,,STJ
PSYCH,101,Intro Psychology,,ONLN
PSYCH,207,Cognitive Processes,,UW
PSYCH,207,Cognitive Processes,,ONLN
PSYCH,211,Developmental Psychology,,ONLN
PSYCH,218,Psychology of Death & Dying,,STJ
PSYCH,232,Psychology of Evil,,STJ
PSYCH,236,Psych Analysis Human Sexuality,,STJ
PSYCH,238,Organizational Psychology,,UW
PSYCH,238,Organizational Psychology,,ONLN
PSYCH,253,Social Psychology,,UW
PSYCH,253,Social Psychology,,ONLN
PSYCH,253R,Social Psychology,,REN
PSYCH,256,Intro Cognitive Science,,UW
PSYCH,257,Psychopathology,,STJ
PSYCH,261,Physiological Psychology,,UW
PSYCH,264,Research Apprenticeship,,UW
PSYCH,291,Basic Research Methods,,ONLN
PSYCH,292,Basic Data Analysis,,UW
PSYCH,312R,Learning Disabilities,,REN
PSYCH,314,Cognitive Development,,UW
PSYCH,315,Adolesc & Emerging Adulthood,,STJ
PSYCH,336,Intro Clinical Psychology,,UW
PSYCH,337,Families: Trauma & Resilience,,UW
PSYCH,339,Personnel Psychology,,UW
PSYCH,340,Training & Development,,UW
PSYCH,354,Interpersonal Relations,,STJ
PSYCH,356R,Personality,,ONLNR
PSYCH,357,Psychology of Good,,STJ
PSYCH,361,Evolutionary Psychology,,UW
PSYCH,363,Special Subjects,"Attchmnt, Emtns, Intprsl Ptrns",UW
PSYCH,363,Special Subjects,The Psychology of Thinking,UW
PSYCH,390,Topics: Nat Sci Adv Res Meth,Replication in psych research,UW
PSYCH,390,Topics: Nat Sci Adv Res Meth,Comp Methods & Tools for Rsrch,UW
PSYCH,390,Topics: Nat Sci Adv Res Meth,Language Processing,UW
PSYCH,390,Topics: Nat Sci Adv Res Meth,Brain Research using EEG/ERP,UW
PSYCH,391,Advanced Data Analysis,,UW
PSYCH,417,MBSR: Topics in Mental Health,,UW
PSYCH,420,Intro Comp Neurosci Methods,,UW
PSYCH,439,Negotiation in the Workplace,,UW
PSYCH,444R,Psychological Interventions,,ONLNR
PSYCH,458,Hons Sem: Cognition,Social Perception,UW
PSYCH,464,Adv Research Apprenticeship,,UW
PSYCH,470,Topics: Applied Psychology,Psych of Economic Decisions,UW
PSYCH,470,Topics: Applied Psychology,Workplace Negotiation,UW
PSYCH,470,Topics: Applied Psychology,Social Networks and Workplace,UW
PSYCH,470,Topics: Applied Psychology,Psych of Intrprsnl Rltnshps,UW
PSYCH,480,Directed Studies,,UW
PSYCH,481,Directed Stud: Nat Sci,,UW
PSYCH,482,Directed Stud: Soc Sci,,UW
PSYCH,483,Directed Stud: Nat Sci Res,,UW
PSYCH,484,Directed Stud: Soc Sci Res,,UW
PSYCH,485,Directed Studies: Seminar,,UW
PSYCH,486,Directed Studies: Adv Stats,,UW
PSYCH,492,Psychological Measurement,,UW
PSYCH,493,Data Analysis & Graphing in R,,UW
PSYCH,499A,Honours Thesis - Part 1,,UW
PSYCH,499B,Honours Thesis - Part 2,,UW
PSYCH,499C,Honours Thesis - Part 3,,UW
REC,100,Intro Rec & Leisure Studies,,ONLN
REC,151,Found of Therapeutic Rec Pract,,UW
REC,203,Sociology of Sport,,UW
REC,215,"Marketing Rec, Sport & Events",,UW
REC,251,Dev & Emotional Disabilities,,ONLN
REC,253,Therapeutic Rec Practicum,,UW
REC,280,Intro Tourism,,UW
REC,312,Practicum: Rec/Sport/Tourism,,UW
REC,319,Event Planning & Design,,UW
REC,351,Facilitation Techniques,,UW
REC,362,Sociology of Aging,,UW
REC,372,Leisure Special Topics 3,Leadership Theory & Practice,UW
REC,373,Qual Approaches to Leisure Res,,UW
REC,383,Tourism: Intl Perspectives,,UW
REC,413,Innov Solut in Rec & Sport Bus,,UW
REC,419,Event Implement & Eval,,UW
REC,420,Adv Prog Eval in Leisure Svc,,BLND
REC,450,Therapeutic Rec Internship,,UW
REC,455,Adv Sem: Therapeutic Rec,,UW
REC,471A,Honours Thesis Proposal,,UW
REC,471B,Honours Thesis,,UW
REC,475,Ind Study: Tr Res for Pract,Business Management,UW
REC,475,Ind Study: Tr Res for Pract,Event Management,UW
REC,475,Ind Study: Tr Res for Pract,Sport Management,UW
REC,475,Ind Study: Tr Res for Pract,Leisure & Well-Being,UW
REC,475,Ind Study: Tr Res for Pract,Urban & Municipal Recreation,UW
REC,475,Ind Study: Tr Res for Pract,Tourism/Commercial Recreation,UW
REC,475,Ind Study: Tr Res for Pract,Parks & Outdoor Recreation,UW
REC,475,Ind Study: Tr Res for Pract,Human Development & TR,UW
REC,475,Ind Study: Tr Res for Pract,Cultural Policy/Leis Behaviour,UW
REES,120,Fairy Tales: Then & Now,,ONLN
REES,230,The Devil,,ONLN
REES,240,Med Cultures in Euro Context,,ONLN
RS,100,Religions of Asia,,ONLNR
RS,102,Intro Ancient Greek 2,,UW
RS,110,Religions of the West,,ONLNT
RS,121,Evil,,ONLNJ
RS,208,Religions of India,,UW
RS,209,Jews & Jewishness,,ONLN
RS,220,Religion & Politics,,UW
RS,224,Selections from Greek Authors,,ONLN
RS,236,Paul: Life & Letters,,ONLNG
RS,240,History of Christianity,,CGC
RS,275,Religion & Japanese Film,,REN
RS,288,"Health, Medicine, Spirituality",,STJ
RS,312,Muslim Lives & Practices,,UW
RS,350,Dying for God,,CGC
RS,358,Worship & its Music,,CGC
RS,380,Religion & Peacebuilding,,CGC
RS,383,"Justice, Peace & Development",,STJ
RS,398,Directed Readings,,CGC
RS,420R,Encounter with Human Nature,,REN
RSCH,100,Research,,UW
SCBUS,122,Mgmt of Business Organizations,,UW
SCBUS,225,Org Beh in Sci Workplaces,,UW
SCBUS,424,Special Topics,,UW
SCBUS,425,Challenges: Global Sci & Tech,,UW
SCI,201,Global Warm & Climate Change,,UW
SCI,207,"Physics, Universe & Everything",,UW
SCI,238,Intro Astronomy,,UW
SCI,250,Environmental Geology,,UW
SCI,266,Ancient Science,,UW
SCI,267,Intro Philosophy of Science,,UW
SCI,300,Special Topics in Science,Science Community Engagement,BLND
SCI,300,Special Topics in Science,Capstone Special Topics,BLND
SCI,396,Science Study Abroad Program,,OFF
SDS,131R,Political Ideologies & Soc Dev,,REN
SDS,131R,Political Ideologies & Soc Dev,,ONLNR
SDS,150R,Lifespan Processes,,REN
SDS,150R,Lifespan Processes,,BLNDR
SDS,150R,Lifespan Processes,,ONLNR
SDS,210R,Children's Rights in Canada,,ONLNR
SDS,240R,Art & Society,,OFF
SDS,250R,Social Statistics,,REN
SDS,250R,Social Statistics,,ONLNR
SDS,251R,Social Research,,ONLNR
SDS,311R,Indigenous & CND Public Policy,,REN
SDS,312R,Homelessness & Public Policy,,REN
SDS,322R,Community Engage & Soc Dev,,REN
SDS,331R,Social Inequal/Justice/Action,,ONLNR
SDS,350R,Adult Life Crises & Events,,ONLNR
SDS,357R,Family Violence,,ONLNR
SDS,400R,Comparative Social Policy,,ONLNR
SDS,420R,Encounter with Human Nature,,REN
SDS,440R,Approaches to Well-Being,,REN
SDS,449R,Prejudice & Discrimination,,REN
SDS,496R,Applied Apprenticeship,,REN
SE,102,Seminar,,UW
SE,301,Seminar,,UW
SE,350,Operating Systems,,UW
SE,402,Seminar,,UW
SE,465,Software Test & QA,,UW
SE,491,Design Project 2,,UW
SFM,102,Sustainability Economics,,UW
SFM,310,Sustainability Capital Markets,,UW
SI,131R,Arab Culture,,ONLNR
SI,231R,Calligraphy to Conceptual Art,,REN
SI,312,Muslim Lives & Practices,,UW
SMF,101,Relationships & Families,,ONLNJ
SMF,111,"Sex, Marriage, Family in Italy",,ONLNJ
SMF,200,Special Topics,Sexual Violence & Citizenship,UW
SMF,204,Intro Human Sexuality,,STJ
SMF,207,"Parents, Kids & Fam Relations",,STJ
SMF,211,Dynamics of Dating,,STJ
SMF,216,Sexual Pleasure,,STJ
SMF,230,Intro Statistics,,STJ
SMF,250,Family Policy and the Law,,STJ
SMF,307,Close Relationships: Conflict,,STJ
SMF,308,Relational Therapy,,STJ
SMF,310,Sexual & Relational Ethics,,STJ
SMF,400,Capstone Seminar,,STJ
SMF,491,Practicum & Applied Theory,,STJ
SMF,496,Seminar: Family Studies,Decolonizing Family,STJ
SOC,101,Intro Sociology,,ONLN
SOC,101,Intro Sociology,,CGC
SOC,200,Sociology of Marriage & Family,,STJ
SOC,202,Classical Sociological Theory,,UW
SOC,204R,Sociology of Adolescence,,ONLNR
SOC,210,Sociology of Sport,,UW
SOC,213,Surveillance Studies,,UW
SOC,221,Research Methods,,UW
SOC,223R,Deviance: Perspect & Processes,,REN
SOC,227,Criminology,,ONLN
SOC,248,"Health, Illness & Society",,UW
SOC,302,Contemporary Sociol Theory,,UW
SOC,322,Field Research Methods,,BLND
SOC,325,Sexuality & Law,,UW
SOC,326,Punishment & Society,,UW
SOC,327,Policing in a Democratic Soc,,ONLNJ
SOC,328,Trafficking & Financial Crime,,ONLN
SOC,334,Public Policy,,UW
SOC,352,Sociology of Aging,,UW
SOC,370,Sociology of Law,,UW
SOC,370,Sociology of Law,,STJ
SOC,385,The Sociology of Street Gangs,,UW
SOC,387,Criminal Justice Institutions,,UW
SOC,409,"Health, Surveillance, and Law",,UW
SOC,417,Sociology of Higher Education,,STJ
SOC,418,Social Theory & Pop Culture,,UW
SOC,426,Criminology of Mobility,,UW
SOC,433,"Crime, Law & Technoscience",,UW
SOC,465,Research Through Urban Arts,,UW
SOC,497,Honours Research Practicum,"Religion,Cltr, & Sctl Ftrs Prj",UW
SOC,498,Directed Studies,,UW
SOC,499A,Senior Honours Essay,,UW
SOC,499B,Senior Honours Essay,,UW
SOCWK,120R,Intro Social Work,,REN
SOCWK,120R,Intro Social Work,,ONLNR
SOCWK,220R,Individuals: Theory & Pract 1,,ONLNR
SOCWK,221R,Social Work with Groups,,ONLNR
SOCWK,300R,Canadian Social Welfare Policy,,ONLNR
SOCWK,301R,Understand Diversity in Canada,,ONLNR
SOCWK,321R,Social Work with Families,,BLNDR
SPAN,101,Intro Spanish 1,,BLND
SPAN,102,Intro Spanish 2,,BLND
SPAN,102,Intro Spanish 2,,ONLN
SPAN,201B,Intermediate Spanish 2,,BLND
SPAN,210,Spanish Conversation,,BLND
SPAN,301B,Spanish in Context 2,,BLND
STAT,202,Intro Stats (Sci),,UW
STAT,220,Probability (Non-Spec),,UW
STAT,221,Statistics (Non-Spec),,UW
STAT,230,Probability,,UW
STAT,230,Probability,,ONLN
STAT,231,Statistics,,UW
STAT,231,Statistics,,ONLN
STAT,241,Statistics (Adv),,UW
STAT,316,Intro Stat Problem Solving,,UW
STAT,321,Regress & Forecast (Non-Spec),,UW
STAT,330,Mathematical Statistics,,UW
STAT,331,Applied Linear Models,,UW
STAT,332,Sampling & Experimental Design,,UW
STAT,333,Stochastic Processes 1,,UW
STAT,340,Stochastic Simulation Methods,,UW
STAT,341,Computational Stats & Analysis,,UW
STAT,371,Lin Models & Process Improve,,UW
STAT,372,Sample & Exp Dsgn (Bus),,UW
STAT,431,Gen Linear Models & Applic,,UW
STAT,435,Stat Meth: Process Improve,,UW
STAT,436,Intro Analysis Spatial Data,,UW
STAT,437,Stat Meth: Life Hist Analysis,,UW
STAT,438,Adv Methods in Biostatistics,,UW
STAT,440,Computational Inference,,UW
STAT,441,Stat Learning: Classification,,UW
STAT,442,Data Visualization,,UW
STAT,443,Forecasting,,UW
STAT,444,Stat Learning: Adv Regression,,UW
STAT,450,Estimation & Hypothesis Test,,UW
STAT,454,Sampling Theory & Practice,,UW
STV,100,"Intro Society, Tech & Values",,UW
STV,201,Special Topics,,UW
STV,202,Design & Society,,UW
STV,208,AI & Society,,UW
STV,304,Technology in Canadian Society,,UW
SYDE,112,Calculus 2,,UW
SYDE,114,Matrices & Linear Systems,,UW
SYDE,182,Physics 2: Dynamics,,UW
SYDE,201,Seminar,,UW
SYDE,211,Calculus 3,,UW
SYDE,261,"Design, Systems & Society",,UW
SYDE,263,Engineering Prototyping,,UW
SYDE,283,"Physics 3: Electr, Magn & Opt",,UW
SYDE,285,Materials Chemistry,,UW
SYDE,302,Seminar,,UW
SYDE,312,Applied Linear Algebra,,UW
SYDE,334,Applied Statistics,,UW
SYDE,352,Intro Control Systems,,UW
SYDE,352L,Control Systems Lab,,UW
SYDE,362,"Meth 2: Test, Verif & Validate",,UW
SYDE,402,Seminar,,UW
SYDE,462,Capstone Project 2,,UW
SYDE,532,Intro Complex Systems,,UW
SYDE,535,Soc & Env Systems Comp Sim,,UW
SYDE,542,Interface Design,,UW
SYDE,543,Cognitive Ergonomics,,UW
SYDE,548,User Centred Design Methods,,UW
SYDE,552,Computational Neuroscience,,UW
SYDE,584,Physiol Sys & Biomed Dsgn,,UW
SYDE,599,Special Topics,Hlth Care Operation & Practice,UW
SYDE,599,Special Topics,Apps Drvng Sims to Driver Sfty,UW
THPERF,100,Intro Theatre,,UW
THPERF,102,Intro Performance,,UW
THPERF,112,Intro Black Arts/Culture/Lit,,UW
THPERF,149,Intro Critical Design Practice,,BLND
THPERF,149,Intro Critical Design Practice,,BLND
THPERF,244,Technical Production 2,,UW
THPERF,246,Design for Performance Media,,UW
THPERF,307,Production Participation 4,Dramaturgy,UW
THPERF,321,Approaches to Acting: Text,,UW
THPERF,378,Race & Performance,,UW
THPERF,379,Mixed Reality Design,,UW
THPERF,400,Collaborative Performance Prj,Technical,UW
THPERF,407,Production Participation 8,Dramaturgy,UW
UCR,192E,Eng Comm (COMPE/ELE/MGTE),,REN
UNDC,100W,Introduction to the UNODC(WLU),,ONLNL
VCULT,101,Art History & Visual Culture,,UW
VCULT,112,Intro Black Arts/Culture/Lit,,UW
VCULT,400,Visual Culture Seminar,,UW
VCULT,401,Adv Sem Visual Culture,,UW
WKRPT,100,Work-term Report,,UW
WKRPT,200,Work-term Report,,UW
WKRPT,300,Work-term Report,,UW
WKRPT,400,Work-term Report,,UW
